modality,session,postid,discussion,parentid,sender,receiver,date,time,modified,subject,message,emoji,emoji_sender,,,,,,,wordcount,charcount
Async,1,267376,111971,1,59488,1,2023-09-18,12:06:00,"Monday, September 18, 2023, 12:06 PM",Discussion Debate ,"Punishment is a more immediate and impactful method than positive reinforcement, particularly for certain behaviors. For instance, individuals who drive under the influence of alcohol may face imprisonment. Such punishments make people aware of what behaviors are harmful and unacceptable, and they are more likely to modify their behavior accordingly. In contrast, positive reinforcement may take longer to produce results. If individuals do not change their behavior, it can lead to tragic consequences, such as the loss of innocent lives in drunk driving accidents. The threat of imprisonment or other penalties is intended to discourage people from committing crimes in the first place. Dr. Driscoll emphasized that in all instances, the individual administering punishment for some misbehavior does so with the expectation that the behavior will stop and not be repeated. (Chapter 2, page 42) So, I support punishment is more effective than positive reinforcement as a method for changing behavior.

",,,,,,,,,151,854
Async,1,275580,111971,267376,85767,59488,2023-09-20,14:00:00,"Wednesday, September 20, 2023, 2:01 PM",Re: Discussion Debate ,"I agree, going to jail is a strong enough consequence to keep some from driving under the influence but I wonder if the positive outcomes to not driving under the influence are more impactful. For example, lower insurance rates are a reward for not participating in risky behaviors that could lead to a DUI. I also like feeling confident, like I am in control and safely driving. When I do those things I feel good about myself and adds to my self esteem. Taking it one step further, when my children see me making good choices it rubs off on them, who are always watching. They will be safe and empowered to drive safely and that is a positive outcome that keeps me from driving under the influence as well.",,,,,,,,,130,579
Async,1,287463,111971,275580,59488,85767,2023-09-22,22:03:00,"Friday, September 22, 2023, 10:03 PM",Re: Discussion Debate ,"I understand your point, as the textbook we read this week said, positive reinforcement can strengthen an operant behavior. Setting positive examples for children and teaching them to make good choices can have long-term benefits for their safety and well-being.

However, it is important to remember that penalties can also act as a deterrent to those who may consider drinking and driving (for adults). While positive reinforcement may be effective for some people, others may need the stimulus of punishment to avoid engaging in risky behaviors. We have no way to divide the crowd in advance, and punishment has a deterrent effect on more people, and the consequences of unacceptable behavior will be considered. From this, it can be seen that the threat of punishment is a more effective method to promote safe driving than positive reinforcement.",,,,,,,,,137,714
Async,1,290382,111971,267376,40519,59488,2023-09-24,10:30:00,"Sunday, September 24, 2023, 10:30 AM",Re: Discussion Debate ,"Punishment in many incidents does do a better job of controlling the outcome than positive reinforcement. I like your example of jail or imprisonment for those who chose to drive while intoxicated. Jail is an immediate consequence that at least scares the majority of people away from committing crimes. A smaller scale of this type of punishment that I have found effective with some students is a timeout or taking away a privileged item. If a freedom is taken away, and that freedom is highly desired, people will likely do whatever they can/will to keep that freedom.",,,,,,,,,97,475
Async,1,292391,111971,290382,85767,40519,2023-09-24,17:57:00,"Sunday, September 24, 2023, 5:57 PM",Re: Discussion Debate ,I would like to also consider the way others can use punishment as a way to manipulate a system to their benefit. Sometimes others will create false scenarios that to cause others to get into trouble when they maybe they actually haven't done anything wrong. This can happen easily in a classroom where a teacher may be overwhelmed or unaware with exactly what is happening in their surroundings. This is an uncommon scenario but happens enough and when punishment is consistent it can be pointed in the wrong direction.,,,,,,,,,89,432
Async,1,292526,111971,267376,19861,59488,2023-09-24,18:19:00,"Sunday, September 24, 2023, 6:19 PM",Re: Discussion Debate ,"I don't agree with the example given. There are a lot of people who get imprisoned who are repeat offenders. So the punishment of being put in prison is not enough for them to change their behavior. However, there are less likely to be repeat offenders when there is prison reform and support for people who have addictions such as alcoholism which increases their chances of driving drunk. That's why I think positive reinforcement is a better solution than punishment.",,,,,,,,,80,391
Async,1,268678,112596,1,85767,1,2023-09-18,16:01:00,"Monday, September 18, 2023, 4:01 PM",Oppose,"While punishment has its place and can be effective for making quick changes in behavior, it can also lead to some unhealthy consequences. It is hard to learn when you are afraid or under stress, when you are managing the nervous system and new information. Positive reinforcement plays an important role in building up a learner's self esteem, putting the nerves at ease and supporting self awareness. The old adage is, ""you get more flies with honey"" and it is a great example of using a positive stimulus to attract a positive result (we can pretend flies are a positive output). 
",,,,,,,,,101,483
Async,1,287609,112596,268678,59488,85767,2023-09-22,22:45:00,"Friday, September 22, 2023, 10:45 PM",Re: Oppose,"I agree with your idea that positive reinforcement plays an important role in building a learner's self-esteem, relaxing nerves, and supporting self-awareness. While positive reinforcement may take longer to see results in behavior, there are situations where we need to quickly address and stop unwanted behavior. What are some effective strategies that we can implement in those scenarios? For example, if a child is about to injure herself by picking up a hot iron, a fast slap on the wrist of a loud ""NO!"" may be the most effective way to gain her attention and stop her in the act. (Driscoll, p.42)",,,,,,,,,102,502
Async,1,288036,112596,268678,37229,85767,2023-09-23,8:55:00,"Saturday, September 23, 2023, 8:55 AM",Re: Oppose,"I agree with 85767's point and would also like to add the phenomena of ""learned helplessness"" in which an individual receives constant punishment or negative comments about a certain behavior that eventually leads them to give up on attempting to change or improve their efforts. This is a consequence of using punishment to change a student's behavior, when positive reinforcement can have more lasting and uplifting effects on a student's behavior and performance.",,,,,,,,,73,392
Async,1,288535,112596,287609,63749,59488,2023-09-23,13:24:00,"Saturday, September 23, 2023, 1:24 PM",Re: Oppose,"I agree with 59488's point. In certain situation's it may be more important to quickly discourage behavior. Also, when positive reinforcement occurs just once, it is likely that it will not teach a new behavior and partial reinforcement is more effective once a behavior has already been somewhat established.",,,,,,,,,49,263
Async,1,290401,112596,288036,40519,37229,2023-09-24,10:35:00,"Sunday, September 24, 2023, 10:35 AM",Re: Oppose,"Learned helplessness is definitely an issue that can arise from the constant use of punishment, but with the constant use of positive reinforcements can create attention-seeking behaviors in students. Anytime a student whines and is given the desired attention, it can show them that whining = attention and can create that attention-seeking behavior. Both require a delicate balance of use to be effective with students to keep them safe as well as prevent negative behaviors from forming.",,,,,,,,,77,414
Async,1,292561,112596,268678,19861,85767,2023-09-24,18:26:00,"Sunday, September 24, 2023, 6:26 PM",Re: Oppose,"I agree that it can cause unhealthy consequences. I feel like punishment can have really negative effects on children's mental health and cause kids to be very anxious. Especially when children are getting punished for an unjustified reason. I always feel like positive reinforcement really boosted my confidence. Especially in school environments, when teachers focused on positive reinforcement I felt very safe in their classrooms. I love that saying, ""you get more flies with honey"" I have never heard that before!",,,,,,,,,81,438
Async,1,271207,113604,1,37229,1,2023-09-19,3:13:00,"Tuesday, September 19, 2023, 3:13 AM",Oppose,"THORNDIKE & SKINNER 

Thorndike’s Law of Effect modified the classic principal of associated that “would have far-reaching implications for behaviorism” (Driscoll). Through his experiments, he found that an animal “learned to associate a sensation and an impulse when its action had a satisfying consequence” (Driscoll). In admitting a satisfying consequence (positive reinforcement) to an action, the animal was able to learn the behavior and successively repeat it, showing is success. Similarly, B.F. Skinner’s concept of reinforcement derived from Thorndike’s Law of Effect, explaining that “behavior is more likely to occur again if it is rewarded, or reinforced,” again, supporting the notion of positive reinforcement. Skinner’s concept of Shaping also involves positive reinforcement, “in that a reinforcer is contingent upon desired behavior” (Driscoll). These theories serve as the building blocks of behaviorism, and corroborate the practice of positive reinforcement as the most effective form of changing behavior. In no ways did these initial experiments support punishment as the act of changing behavior, and Skinner himself was opposed to punishment because of its negative effects posed on the individual, such as aggression and emotional trauma.

In fact, punishment has many adverse effects that do more harm than good in attempting to change behavior in individuals. Long history of punishment “may cause physical or psychological harm,” and in situations of inescapable stimuli, individuals may develop the concept of learned helplessness, the “passive acceptance of events seemingly beyond one’s control” causing individuals to essentially give up or stop trying (Driscoll). It has also been found that not only does punishment negatively impact an individual’s being, its effectiveness “tends to be short-lived,” in that the behavior may continue if the stimuli inducing the punishment is not present to do so (Driscoll).

",,,,,,,,,286,1658
Async,1,280319,113604,271207,85767,37229,2023-09-21,12:07:00,"Thursday, September 21, 2023, 12:07 PM",Re: Oppose,"I agree with 37229's stance and would like to also add another layer to the negatives of punishment in behaviorism. According to the Driscoll text, ""punishment can serve as a model for aggression. In a series of studies examining aggressive behavior in children, Bandura, Ross, and Ross (1961, 1963) demonstrated that those who observed others being aggressive were more likely to be aggressive themselves This is further supported by evidence from studies of abusive families; by and large, parents who are abusive were themselves abused as children (Steinmetz, 1977; Stiauss, Gelles, & Stein·metz, 1980)."" pg. 41. While not all punishment may be aggressive or abusive, the outcome of punishing a student for poor behavior or performance can create an unhealthy power dynamic that creates an ecosystem for anger to grow. Encouraging a student with positive reinforcement, boundaries and helpful feedback creates a healthy learning environment where the learners feel supported.",,,,,,,,,150,833
Async,1,285189,113604,280319,63749,85767,2023-09-22,13:29:00,"Friday, September 22, 2023, 1:29 PM",Re: Oppose,"While positive reinforcement may be effective for maintaining behavior or emphasizing positive behavior, in a classroom setting if an unwanted behavior is repeatedly occurring, positive reinforcement may no longer be effective, as a child may continue to think that their behavior is permitted/allowable unless (behavior unrelated to performance).",,,,,,,,,48,300
Async,1,288510,113604,285189,85767,63749,2023-09-23,13:11:00,"Saturday, September 23, 2023, 1:11 PM",Re: Oppose,"Starting students off with clear expectations surrounding how certain classroom activities will be preformed is one way to mitigate poor behaviors from students. For example, it is unfair to assume that all children know how to line up to go to lunch. Clear expectations given with consistency and positive reinforcement will encourage all students to move and transition between tasks in supportive way. I would even go as far to say that when students are misbehaving in this environment it is a tell that more support and care need to be brought in. Maybe they had a rough morning at home and need an extra check in from their teacher.",,,,,,,,,110,529
Async,1,294967,113604,271207,8036,37229,2023-09-24,23:09:00,"Sunday, September 24, 2023, 11:09 PM",Re: Oppose,"While punishment can have negative effects, it is still a necessary tool for behavior change. Punishment can cause physical or psychological harm, but this is not always the case. It is important to use appropriate forms of punishment and to avoid excessive punishment. For example, corporal punishment is generally considered to be harmful, but other forms of punishment, such as time-outs or loss of privileges, can be effective without causing harm.
In some cases, punishment can lead to learned helplessness, but, learned helplessness is more likely to occur when punishment is excessive or when individuals are punished for things that are beyond their control.",,,,,,,,,104,563
Async,1,295270,113604,285189,35382,63749,2023-09-24,23:45:00,"Sunday, September 24, 2023, 11:45 PM",Re: Oppose,"As a high school teacher in a district that is going through a massive overhaul to its code of conduct, I can say that behavior has been a push to remove extreme punishments like ISS and OSS. The loss of instructional time had become pretty severe. And there has been a lot of consternation from many teachers that support the position of punishment as being effective. But the data has not borne out that view. There has been growth at schools where the loss of instructional time has decreased. While that could be correlation and not causation, it is at least worth exploring further.",,,,,,,,,104,484
Async,1,271208,113605,1,37229,1,2023-09-19,3:14:00,"Tuesday, September 19, 2023, 3:14 AM",Oppose ,"A PERSONAL EXPERIENCE REGARDING POSITIVE REINFORCEMENT

In my personal experience, there has been a situation in which positive reinforcement proved to be more successful in changing a behavior than punishment. In my 4 years at NC State, I was an active member of the sorority, Delta Zeta. As a requirement, every member had to attend the chapter meetings every Sunday night. The punishment for not attending chapter was a fine, the amount depending on if the meeting was formal or informal. Low attendance at chapter had always been a problem in the sorority, and the threatening of fining individuals created a very negative connotation around the concept of our meetings and the attitude of the sorority has a whole. In attempting to combat this issue, one of our new presidents decided to bring dessert every Sunday night to chapter, and all members who attended chapter were allowed the treat. This drastically increased the number of individuals who attended the meetings, and created a positive environment as women were allowed to eat the treats during the meeting. This was a simple way in enticing members to attend the meetings and create a more enjoyable environment that people actually wanted to come to. This is just one example of how positive reinforcement proved to be more effective than punishment.

",,,,,,,,,217,1101
Async,1,289462,113605,271208,60685,37229,2023-09-23,18:59:00,"Saturday, September 23, 2023, 6:59 PM",Re: Oppose ,"Hi 37229! I think the using desserts as a reinforcer is a very creative take. I have experience in similar situations as the chapter president of Kappa Delta where we use fines as a punishment for missing rounds of recruitment. This is a situation where there is no kind of positive reinforcement that can be added to support the target behavior (sisters showing up for rounds) , so fining is the better method.",,,,,,,,,73,344
Async,1,292479,113605,271208,19861,37229,2023-09-24,18:14:00,"Sunday, September 24, 2023, 6:14 PM",Re: Oppose ,"I completely agree with you. I have personally always responded better to positive reinforcement. In my classroom in first grade, my teacher would always hand out prizes and rewards such as Skittles when we answered questions or behaved well in her class. It made learning fun and increased the amount that her students were participating. This worked a lot better than some of my teachers who were punishing us by making us walk laps at recess or handing out silent lunch. I feel like we just ended up resenting our teacher and it caused more bad behavior.",,,,,,,,,97,461
Async,1,282843,118624,1,8036,1,2023-09-21,20:37:00,"Thursday, September 21, 2023, 8:37 PM",Support,"Punishment is applying unpleasant stimulus or removing pleasant stimulus as a deterrent to behavior that is not desired, whereas positive reinforcement is reward of a desired behavior. 

Behavior is more likely to reoccur if it has been rewarded or reinforced. Similarly, a response is less likely to occur again if it has been aversive (Driscoll, p. 35). Punishment is more effective than positive reinforcement because punishment can be immediate and more demotivating. It can be applied immediately after unwanted behavior which makes it more likely that an individual will learn that the behavior is associated with a negative consequence. In contrast, positive reinforcement may not be applied immediately after the behavior which can make it less effective. The negative consequences of punishment can reduce one’s motivation to engage in unwanted behavior. 

",,,,,,,,,131,733
Async,1,285075,118624,282843,63749,8036,2023-09-22,13:06:00,"Friday, September 22, 2023, 1:06 PM",Re: Support,"I agree with the idea of 8036's post. When trying to discourage behavior, punishment is more effective compared to positive reinforcement which will encourage the behavior and also may take a longer time to impact behavior.",,,,,,,,,36,190
Async,1,287567,118624,282843,59488,8036,2023-09-22,22:35:00,"Friday, September 22, 2023, 10:35 PM",Re: Support,"I agree, 8036. It is important to acknowledge that individuals may not always realize when their behavior is inappropriate. Nevertheless, the strategic use of punishment can prove to be a powerful method in curbing such undesirable actions.",,,,,,,,,37,206
Async,1,288030,118624,282843,37229,8036,2023-09-23,8:51:00,"Saturday, September 23, 2023, 8:51 AM",Re: Support,"I see your point in that punishment is more immediate in its timing of response to a behavior, but according to Driscoll, it's ""effectiveness tends to be short-lived,"" meaning that the behavior may immediately stop in the moment, but will continue on throughout time when the punishment/punisher doesn't seem to be present. This supports the notion that positive reinforcement tends to have more lasting effects on punishment on changing a behavior.",,,,,,,,,71,379
Async,1,290207,118624,288030,8036,37229,2023-09-24,6:49:00,"Sunday, September 24, 2023, 6:49 AM",Re: Support,"Based on personal personal experience with students and my child, positive reinforcement encouraged them to behave appropriately for a reward and when none was offered the negative behaviors resurfaced. On the other hand, punishment such as time out allowed my child to associate throwing toys with a negative consequence and the behavior was reduced and eventually stopped. With students, punishment such as switching lunch tables away from their friends allowed them to associate talking back to the cafeteria assistants to that negative consequence, thereby curtailing the behavior.",,,,,,,,,87,499
Async,1,284774,119475,1,63749,1,2023-09-22,12:05:00,"Friday, September 22, 2023, 12:05 PM",Support ,"Punishment can be more effective than positive reinforcement to decrease negative/unwanted behavior. According to our textbook for this course, punishment is the presentation of an aversive stimulus contingent upon a response that reduces the rate of that response (Driscoll, 2005). While positive reinforcement can be useful for strengthening/reinforcing a behavior, punishment is more effective for decreasing unwanted behavior.

",,,,,,,,,58,373
Async,1,288047,119475,284774,37229,63749,2023-09-23,9:03:00,"Saturday, September 23, 2023, 9:03 AM",Re: Support ,"Positive reinforcement has its strengths in decreasing unwanted behavior as well, by providing a more uplifting and encouraging attitude to changing a behavior, avoiding the adverse effects that punishment can have on an individual's mental and physical health, especially when administered to developing students.",,,,,,,,,44,271
Async,1,295434,119475,288047,35382,37229,2023-09-25,0:04:00,"Monday, September 25, 2023, 12:04 AM",Re: Support ,"37229, I am not sure I have ever seen someone fail because of someone trying to uplift and encourage them. However, I have seen many students give up trying to do the right thing because the punishment was always going to happen. Learned helplessness is all over the students I teach. It is the direct result of punishments meted out with no thought given to the many consequences it could have had. A temporary decrease in some unwanted behavior was the window dressing to impacting the student's growth as a student and a person.",,,,,,,,,94,443
Async,1,284995,119566,1,63749,1,2023-09-22,12:53:00,"Friday, September 22, 2023, 12:53 PM",Support,"Punishment is more effective than positive reinforcement when used/applied immediately to stop behavior. For example, consider the example of a child who is playing around a stove. A parent may grab the child’s hand, raise their voice to tell them to move from the stove or utilize some other form of punishment to quickly make it known that it is not safe/behavior that the child should be engaging in. In this case, punishment is likely more efficient for changing behavior compared to positive reinforcement where a parent would have to encourage playing in a different environment or wait till the child moves away from the stove to reinforce that behavior. 

",,,,,,,,,110,553
Async,1,287522,119566,284995,59488,63749,2023-09-22,22:25:00,"Friday, September 22, 2023, 10:25 PM",Re: Support,"Yes, punishment can be an effective way to communicate what behaviors are acceptable or not in certain situations. For example, in some cultural traditions, yelling is not tolerated. If a kid is yelling without any emergency, the punishment will be served for his behavior, and the kid will be aware that his yelling behaviors are not acceptable at all. The consequence of punishment will be more effective for this given situation.",,,,,,,,,71,362
Async,1,289513,119566,284995,60685,63749,2023-09-23,19:17:00,"Saturday, September 23, 2023, 7:17 PM",Re: Support,"I agree- additionally, punishment is often more immediate and easier than a positive reinforcement and more suitable for a situation like the one you mentioned above that requires quick action. The promise of a positive reinforcer yet to come may not be as impactful",,,,,,,,,44,223
Async,1,288367,120755,1,63749,1,2023-09-23,12:16:00,"Saturday, September 23, 2023, 12:16 PM",Support,"While punishment can lead to long term negative consequences, particularly if physical, not all punishment falls under this form. For example, negative punishment, which is when a stimulus is removed in order to decrease a behavior. Examples of negative punishment include not allowing an individual to use a toy/device, not getting a reward token, etc. are forms of negative punishment which can be used to discourage a particular behavior, and then the stimulus can be returned.

",,,,,,,,,76,405
Async,1,289495,120755,288367,60685,63749,2023-09-23,19:13:00,"Saturday, September 23, 2023, 7:13 PM",Re: Support,"Hi 63749! I agree- I mostly use negative punishment at my work where I nanny a 4 year old. The most effective tools when trying to correct behavior is threatening (and sometimes following through) with temporarily taking away a favorite toy, or saying she can't have a cookie after dinner. The threat of this alone is usually very effective in stopping whatever behavior needs to be stopped.",,,,,,,,,67,326
Async,1,290494,120755,288367,40519,63749,2023-09-24,11:13:00,"Sunday, September 24, 2023, 11:13 AM",Re: Support,"Hi 63749! I agree with your stance on punishment over positive reinforcement. Many times in my experience, I have seen punishment be a more effective method of student/child management than positive reinforcement. One of my main reasons for punishments is for the child's safety. Many of the children I have looked after or babysat are 2-6 years old, they're still learning and testing all of the boundaries they can. When it comes to their safety, I have found they learn more with punishments like a timeout.",,,,,,,,,86,426
Async,1,289480,121145,1,60685,1,2023-09-23,19:06:00,"Saturday, September 23, 2023, 7:06 PM",Support ,"Here is my personal experience with a situation where punishment proves to be the more effective method- 

I nanny a 4 year old who, like most kids her age, just doesn't want to leave the playground, go have rest time etc. every now and then. Since I am solely responsible for her during the time I watch her, I have to help her learn that this is not good behavior in the most gentile and supportive way I can. I have watched her since she was 2, and adding a positive reinforcer like offering a treat or special priviledge does not work when she is being defiant. The most effective solution in this situation is for me to introduce a punishment like sitting in time out or not being able to watch cartoons. 
",,,,,,,,,133,577
Async,1,289568,121145,289480,40519,60685,2023-09-23,19:46:00,"Saturday, September 23, 2023, 7:46 PM",Re: Support ,"As a former nanny/babysitter, I also found that punishment would work more effectively in these situations than rewards. While removing the child from the playground may seem like a punishment to the child at the time, by bringing in a ""bigger"" punishment to the situation the child will be more inclined to comply with what is needed of them. At times the reward can also turn into a safety issue if not careful.",,,,,,,,,73,341
Async,1,295102,121145,289568,8036,40519,2023-09-24,23:22:00,"Sunday, September 24, 2023, 11:22 PM",Re: Support ,"60685 and 40519, I would like to add that punishment should also be used in conjunction with other behavior change strategies. In addition, it should also fit the behavior. The examples you stated sounded fitting based on your role, relationship with the child and the information you gained from implementing the consequence for the behavior.",,,,,,,,,55,291
Async,1,289554,121179,1,40519,1,2023-09-23,19:41:00,"Saturday, September 23, 2023, 7:41 PM",Support,"In many cases, punishment is a more effective method of changing a person's behavior. In larger classrooms where teachers may be handling more than one student, many teachers have found that punishment based on behaviorism provides a better method of classroom management (Driscoll, p. 60). In grade school, we had a tally chart or stick chart for each one of our classes. Everyone started with a stick or a pin in the green at the beginning of the day. If we misbehaved during class, the stick would be moved to yellow as a warning and then to red which had a set punishment for each variation of incidents. Having students see where they stood on the behavior chart helped them self-manage their behavior throughout the class. This method took the strain off of the teacher in the majority of minor misbehaviors. 
",,,,,,,,,141,675
Async,1,291022,121179,289554,60685,40519,2023-09-24,13:41:00,"Sunday, September 24, 2023, 1:41 PM",Re: Support,Hi 40519! You just unlocked a memory when you mentioned that stick charts from elementary school. This is such a good representation of punishment being effectively used in a classroom setting as I can still remember how impactful having to move a stick was 15 years later! This example shows punishment being used as a quick way for teachers to correct behaviors without disrupting the whole class.,,,,,,,,,67,334
Async,1,295020,121179,291022,8036,60685,2023-09-24,23:14:00,"Sunday, September 24, 2023, 11:14 PM",Re: Support,"I agree with you both. I have had similar experiences which I recount with siblings and friends. The behaviors that had punishment associated with them were ones I quickly learned to correct. I remember those even now, so many years later. This is true for both home and school.",,,,,,,,,49,230
Async,1,295103,121179,289554,35382,40519,2023-09-24,23:22:00,"Sunday, September 24, 2023, 11:22 PM",Re: Support,"I do agree, at first, that punishment can be a quick way to control a larger group. However, as discussed by Driscoll, some students might be acting out to receive the ""punishment."" This punishment system only works when the punishment is somethings the students, as a collective, do not want. Self-managing behavior is something that adults can't do all the time, so I can't believe that students in grade school can achieve it a high enough level to be effective.",,,,,,,,,80,386
Async,1,292594,122246,1,19861,1,2023-09-24,18:32:00,"Sunday, September 24, 2023, 6:32 PM",Oppose,"I believe that punishment can be very anxiety-inducing to children. I personally would not want to use punishment in a classroom if I was a teacher because I do not know what children's home lives are all the time. Some children might fear their parents because of how they punish them, and I would not want them to associate negative feelings with my classroom. I think it would especially bad to use punishment on children who are people pleasers because it would cause them a lot of stress to get in trouble.
",,,,,,,,,92,420
Async,1,295360,122246,292594,35382,19861,2023-09-24,23:53:00,"Sunday, September 24, 2023, 11:53 PM",Re: Oppose,"In solidarity to your opposition (I am tried of saying I agree), punishments only work if they decrease in the specific undesired responses. Punishments seem to be universal, i.e. each ""crime"" has the same punishment. The same punishment doesn't work for every person/kid/student.",,,,,,,,,43,238
Async,1,292634,122258,1,19861,1,2023-09-24,18:37:00,"Sunday, September 24, 2023, 6:37 PM",Oppose,"One way that I have particularly seen positive reinforcement work well is at my job at a public library. We hand out stickers to children who are checking out books. The kids get really excited about getting the stickers and it makes them want to come back to the library and read more. We also give out prizes when you do certain reading activities and complete the list of activities. This positive reinforcement encourages children to read and gives them positive associations with the library.
",,,,,,,,,85,413
Async,1,295420,123155,1,35382,1,2023-09-24,23:59:00,"Sunday, September 24, 2023, 11:59 PM",Oppose,"I would like to try and reframe this statement.

Punishment seems to be considered the positive reinforcement of adding an aversive stimulus after the unwanted behavior. But it could also be the negative reinforcement of removing a wanted stimulus. So I assuming we are directly talking about positive reinforcement of adding a desired stimulus after desired behavior.  I will bluntly say that you get more flies with honey than with vinegar.
",,,,,,,,,71,371
Async,2,266698,111618,1,64758,1,2023-09-18,10:01:00,"Monday, September 18, 2023, 10:01 AM",Support - Post 1,"As we've been learning thus far, Behaviorism, as a psychological theory, emphasizes the importance of consequences in shaping behavior. Punishment and positive reinforcement are both forms of consequences, but punishment specifically focuses on discouraging undesirable behavior through negative consequences. This can lead to quicker behavior modification and explicit expectations or standards. So when we think about the statement, ""punishment is more effective than positive reinforcement as a method for changing behavior,"" within the foundational domain of behaviorism as mentioned above, then we can understand that immediate and consistent consequences via punishment are crucial effective behavior modification. Such immediate consequences creates a clear association between the undesirable behavior and the consequence. This can thus facilitate faster, positive learning outcomes and behavioral changes compared to the typical delayed consequences seen via positive reinforcement. Punishment also allows for a broader application, whereas positive reinforcement usually works only within a singe context situation; which, may also prompt confusion in other future, similar scenarios or instances of negative behavior. Punishment, instead, can lead to a generalization of negative consequences (or a fear so to speak of negative consequences) that undesirable behavior across contrasting scenarios may be suppressed to avoid any similar repercussions. This not only results in a broader change in overall behavior compared to positive reinforcement, but can further expedite the extinction of most if not all undesirable behavior; especially, if clear expectations of acceptable behavior moving forward are conveyed through the punishment. 

",,,,,,,,,239,1516
Async,2,275352,111618,266698,50400,64758,2023-09-20,13:07:00,"Wednesday, September 20, 2023, 1:07 PM",Re: Support - Post 1,"Hi 64758!

I thought you had solid arguments in support, but I want to examine this statement. “This not only results in a broader change in overall behavior compared to positive reinforcement, but can further expedite the extinction of most if not all undesirable behavior; especially, if clear expectations of acceptable behavior moving forward are conveyed through the punishment.”

What could be clearer than rewarding someone for doing a desired behavior? An upset learner cannot always hear beyond what is being taken away from them. They do not always even understand what they did wrong. Not all people can use punishment consequences in broader contexts because their motivation isn't always to get it right. A good example for is the student that keeps acting out to get attention.",,,,,,,,,128,662
Async,2,280902,111618,266698,47520,64758,2023-09-21,13:48:00,"Thursday, September 21, 2023, 1:48 PM",Re: Support - Post 1,"Hey 64758! Overall, I can see where you are coming from in your argument for this post. However, I do have a question about one statement. ""Such immediate consequences creates a clear association between the undesirable behavior and the consequence."" I do not believe that this can be true at the same time as punishment creating a lower sense of self worth overtime as suggested by the American Association of Pediatrics. I understand that the immediate consequence may help in the short term, but do you not feel that it may cause negative associations with their decision making skills in the future? Where is the line between hurting and helping their emotional devlopment?",,,,,,,,,113,565
Async,2,284397,111618,280902,64758,47520,2023-09-22,10:45:00,"Friday, September 22, 2023, 10:45 AM",Re: Support - Post 1,"Hi 47520! Thank you for your response and raising a valid concern regarding the potential negative effects of immediate consequences associated with punishment on a child's emotional development. I do think it's essential to consider both sides of this argument in order to have a comprehensive understanding. So while I think it's been shown that immediate consequences, especially in the form of punishment, can create a clear association between undesirable behavior and the consequence, it's definitely crucial to acknowledge the potential impact on a child's emotional well-being and self-esteem. The American Association of Pediatrics rightfully emphasizes the importance of considering a child's emotional development in behavioral interventions. However, I don't think this is such a black and white issue and that it's further essential to note that the effectiveness of punishment in behavior modification largely depends on its appropriateness, fairness, and proportionality to the specific undesirable behavior. A well-structured and just punishment, coupled with clear communication about why the consequence is being administered, can greatly help a child understand the implications of their actions without causing lasting damage to their self-worth; especially, if the undesirable behavior is significantly inappropriate, such as hitting or fighting with other children unprovokedly. Judiciously applied punishment can thus act as a deterrent for undesirable behavior, encouraging the child to make better choices in the future. In this sense, the punishment acts as a learning opportunity for the child, and should they face a similar situation in the future, they will have the active recall of their past experience to make a better, critical decision and modify their behavior accordingly. Immediate consequences, including punishment when done in this way, can yield faster behavior modification, but it should definitely be accompanied by guidance and support to help the child understand and internalize the desired behaviors.",,,,,,,,,298,1754
Async,2,284432,111618,275352,64758,50400,2023-09-22,10:53:00,"Friday, September 22, 2023, 10:53 AM",Re: Support - Post 1,"Hi 50400! Thank you for your insightful feedback and for pointing out a crucial aspect of this discussion. It's definitely interesting to explore the effectiveness of positive reinforcement and consider potential challenges in only applying that method or punishment as a method for behavior modification. I think to an extent, if done precisely and consistently, positive reinforcement could provide clear rewards for desired behavior, and for many learners, this approach could be effective and motivating. I definitely recognize how the sense of accomplishment and recognition gained from positive reinforcement can eventually reinforce positive behavior and encourage children to continue engaging in those behaviors. However, I think it's also important to recognize that different children/individuals will respond differently to various forms of reinforcement and consequences. While positive reinforcement may work well for some, I think there are cases where proper punishment will be more effective, especially when combined with clear communication and guidance. In your example of a student seeking attention through negative behavior, it's definitely important to carefully evaluate the underlying motives and tailor an approach accordingly. Punishment when applied appropriately, and proportionately especially being the key here, can serve as a deterrent and help the individual understand the consequences of their actions. This can be a valuable learning experience, reinforcing the understanding of acceptable behavior and encouraging a shift in behavior towards more positive alternatives. I think it's further important to note that punishment can still incorporate elements of clear communication about what was done wrong and what is expected moving forward. This can guide the learner in understanding the specific behaviors that need to be improved, supporting the broader objective of behavior modification and allowing them to think critically about their actions, and specifically how such actions (whether positive or negative going forward) affect themselves and other people.",,,,,,,,,300,1806
Async,2,287976,111618,266698,31035,64758,2023-09-23,5:24:00,"Saturday, September 23, 2023, 5:24 AM",Re: Support - Post 1,"Hello 64758! Thank you for your well thought out reply! I'd like to take a look at this statement: ""discouraging undesirable behavior through negative consequences."" I don't think the consequences have to be negative. All punishment is, is discouraging a behavior, which can be done by removing or applying a stimulus. (https://pressbooks.online.ucf.edu/lumenpsychology/chapter/operant-conditioning/#:~:text=Reinforcement%20means%20you%20are%20increasing,likelihood%20of%20a%20behavioral%20response.)

Though I am of the camp that positive reinforcement works better I do think punishment does have its merits, especially if, as you say ""clear expectations of acceptable behavior moving forward are conveyed through the punishment."" If a learner knows what the expected behavior is, punishment does not need to be a negative experience. Discouraging a behavior need not be a negative thing. Ex: my college campus discouraged people from walking on the grass (punishment aka discouraging a behavior) by putting up signs! Nary a negative experience to be had there!",,,,,,,,,143,920
Async,2,292179,111618,284397,42489,64758,2023-09-24,17:23:00,"Sunday, September 24, 2023, 5:23 PM",Re: Support - Post 1,"64758,

I completely agree with your last point which states, ""Immediate consequences, including punishment when done in this way, can yield faster behavior modification, but it should definitely be accompanied by guidance and support to help the child understand and internalize the desired behaviors.""

There is a large concern of negative effects such as fear, aggression, or lower self-esteem as a result of using punishment as a reinforcement procedure. As long as punishment is used modestly and in conjunction with reasoning for each consequence, punishment is an effective means to modifying behavior. Punishment most certainly is the quickest way for a learner to distinguish between desirable and undesirable behaviors. Driscoll refers to the works of Azrin and Holz (1996) by mentioning, ""when used sparingly, punishment has the advantage of conveying information about what behaviors are considered appropriate or inappropriate in given situations"" (2004, pp. 42). She also refers to Walters & Grusec (1997) when stating, "".. some behaviorists also recommend a warning precede punishment and reasons accompany it to explain why certain behaviors are not tolerated (Driscoll, 2004, pp.42). If punishment is accompanied with patience, reasoning, and virtue, it will cease the possibility of leading to more unfortunate side effects.",,,,,,,,,200,1141
Async,2,275211,115341,1,50400,1,2023-09-20,12:41:00,"Wednesday, September 20, 2023, 12:41 PM",OPPOSE,"_(For my below writing, the term teacher describes teacher, parent, trainer, and management. The term student describes student, child, trainee, and employee.) _

Punishment (positive or negative) may work in the short term, but it lacks the building blocks for long-term behavior change. Positive reinforcement builds connections and rewards the student for modeling the desired behavior. It is the perfect recipe for long-term change.

When using positive reinforcement, the teacher is motivated by being able to reward a learner’s behavior, and the learner is motivated by feeling good about being rewarded. A confident learner who feels good about themselves is likelier to repeat the behavior. Punishment must be done soon after the undesired event and must be done consistently. The fatigue on the teacher to enforce punishment (positive or negative) can be exhausting. The interaction lacks the same positive association, and the connection runs the risk of not forming.  

The message is clear when a teacher rewards the learner for a behavior. The learner knows the behavior the teacher desires. The student has modeled the desired expectation. Punishment (negative or positive) is not as black and white. Not all punishment is severe, but when it is, it can have consequences that reach far beyond behavioral modifications. According to (DRISCOLL et al., 2022), “When punishment involves a particularly aversive stimulus or induces pain, it can lead to undesirable emotional responses being conditioned” (pg. 41). Punishment can serve as a model for aggression (DRISCOLL et al., 2022).

",,,,,,,,,244,1345
Async,2,280931,115341,275211,47520,50400,2023-09-21,13:54:00,"Thursday, September 21, 2023, 1:54 PM",Re: OPPOSE,"Hey 50400,
I agree with your overall argument that punishment lacks building blocks for long term behavior change. When I was doing my own research, I found that it can negatively impact a student's sense of self worth and self-confidence in decision making. I believe that this all makes sense because as you said, a confident learner needs to build positive relationships with their teachers in order to get the most out of their education.",,,,,,,,,75,368
Async,2,282116,115341,275211,60407,50400,2023-09-21,17:37:00,"Thursday, September 21, 2023, 5:37 PM",Re: OPPOSE,"While you make some good points about longer term behavior, punishment is more effective when the needs of the situation are urgent and benahiors need corrected immediately. For example, students jumping down the stairwells need to be stopped immediately so they do not injure themeselves or others. It only takes once for something horrific to happen. Positive reinforcement would require a great deal of time reinforcing the replacement benahior, while a punishment would make an immediate impact and change banavior.",,,,,,,,,80,440
Async,2,282559,115341,282116,50400,60407,2023-09-21,19:35:00,"Thursday, September 21, 2023, 7:35 PM",Re: OPPOSE,"Hi 60407!
I like your example because it is real life, but it did make me think. You are right; the children should be stopped. But in this scenario, no punishment should be applied (negative or positive), and positive reinforcement can be used the next time the child is not jumping down the steps.",,,,,,,,,54,246
Async,2,284485,115341,275211,64758,50400,2023-09-22,11:04:00,"Friday, September 22, 2023, 11:04 AM",Re: OPPOSE,"Hi 50400! I think you overall offered an insightful argument and raised important considerations regarding positive reinforcement and its long-term impact on behavior change. Positive reinforcement can, in some instances, offer a powerful mechanism to build connections and encourage learners to model desired behavior, fostering a positive and confident learning environment. If done consistently, I think the rewards associated with positive reinforcement could create a positive association, reinforcing the behavior and encouraging its repetition. However, I think we also need to acknowledge that punishment, when applied judiciously, with clear communication, positive guidance, and explicit expectations, can also play a crucial role in behavior modification. While punishment may not always be the primary approach or necessarily the right primary approach for each child, it can still act as a positive deterrent and provide immediate consequences for undesirable behavior. But the key here is to ensure that the punishment is proportionate to the bad behavior, is fair overall, and aims to correct the behavior and promote critical thinking, rather than induce fear or anxiety.",,,,,,,,,172,1016
Async,2,289623,115341,275211,5259,50400,2023-09-23,20:08:00,"Saturday, September 23, 2023, 8:08 PM",Re: OPPOSE,"Hi 50400,
The point you made that ""the fatigue on the teacher to enforce punishment (positive or negative) can be exhausting"" stood out to me because it was something I had not considered. When teachers are constantly having to give students punishments, it causes emotional turmoil for both parties involved. Knowing how to appropriately execute a punishment to a student takes a lot of consideration by taking into account their needs, personality, and the context. They will then need to face the emotions and responses evoked by the student. There is always a chance they will not respond well, which is draining for a teacher to handle, especially since they are managing an entire classroom with students.",,,,,,,,,117,595
Async,2,290226,115341,282559,31035,50400,2023-09-24,8:06:00,"Sunday, September 24, 2023, 8:06 AM",Re: OPPOSE,"Hello! By saying that the children should be stopped, this is, by definition, punishment. Not in the colloquial, but in the terms of operant conditioning, which is just discouraging a behavior. Any method of discouraging a behavior is, by definition, ""punishment."" The teacher can discourage the behavior by telling the child to ""COME BACK. The stairs are dangerous."" Punishment in operant conditioning, need not be a traumatic thing. It is merely discouraging behavior.",,,,,,,,,73,398
Async,2,290552,115341,275211,42489,50400,2023-09-24,11:30:00,"Sunday, September 24, 2023, 11:30 AM",Re: OPPOSE,"Hi 50400,

As you make valid points that positive reinforcement is the more long-term approach, it is imperative that a learner can quickly distinguish between which responses are appropriate or inappropriate in order to change a behavior. To change a behavior more efficiently, learners need to quickly understand which behaviors are inappropriate and this is done through the use of aversive stimuli.

Addressing the concept of fatigue amongst teachers, it would seem more reasonable that teachers would be less fatigued by immediately reducing the frequency of the undesirable behavior. For example, let us look at a student who is loud and disruptive during class time. A teacher will become extremely fatigued if the student disrupts class multiple times a day, for weeks on end. The teacher can only reward the student when he is quiet. But he receives no repercussions for the loud outbursts. The teacher may become extremely frustrated and tired from the uncontrollable actions of the student who continues to be disruptive during class because he has not learned to remain quiet for the entire class period. On the other hand, a teacher will likely not be fatigued by applying an aversive stimulus of sending the disruptive student to the principal's office after the first or second occurrence. The student quickly learned that he will encounter consequences and be punished for the inappropriate behavior of being disruptive during instructional time.",,,,,,,,,232,1229
Async,2,292410,115341,290226,60407,31035,2023-09-24,18:00:00,"Sunday, September 24, 2023, 6:00 PM",Re: OPPOSE,"31035-

Thank you for more fully explaining my reasoning behind my initial response. It was very much in line with my thinking. Using the definitions of operant conditioning from this week's reading, I immediately jumped into safety situations and the need to teach new behaviors quickly or to stop old behaviors completely. I liked your example of telling the child to come back and try again, because that seems like something that likely happens frequently in learning situations. Students are ""forced"" to do something again (the punishment). Thanks for the additional clarity your example provided!",,,,,,,,,95,505
Async,2,292422,115341,290552,60407,42489,2023-09-24,18:03:00,"Sunday, September 24, 2023, 6:03 PM",Re: OPPOSE,"Hi, 42489-

I agree with your analysis on the fatigue level from punishment versus prositive reinforcement. Punishment is often very quick and direct and needed be as big as sending the student out of class or writing them up. It could be as simple as making them repeat a task to do it correctly.",,,,,,,,,54,243
Async,2,294311,115341,275211,67222,50400,2023-09-24,22:04:00,"Sunday, September 24, 2023, 10:04 PM",Re: OPPOSE,"Hi 50400!

I completely agree with your post! Punishment can be exhausting for teachers to keep up with and it is proven to only be effective for a short amount of time. We are asking teachers to run themselves thin with punishment when they could be using positive reinforcement, which is much more effective. While positive reinforcement may take time to implement, it can be a highly effective classroom management strategy.",,,,,,,,,71,356
Async,2,294366,115341,289623,67222,5259,2023-09-24,22:09:00,"Sunday, September 24, 2023, 10:09 PM",Re: OPPOSE,"Hi Ashely!

I agree this was one point in 50400's post that really stood out to me. Why should we ask our teachers to wear themselves out dealing with punishment which only makes their job more difficult? Positive reinforcement should be heavily encouraged for teachers to use in their classrooms. As well as improving teachers' mental health and lessening their load of punishment, positive reinforcement can foster a better learning environment for all involved.",,,,,,,,,74,390
Async,2,275533,115500,1,47520,1,2023-09-20,13:48:00,"Wednesday, September 20, 2023, 1:48 PM",Oppose ,"When a student is punished, it may work as a short term solution to their negative behavior. However, it is more important to get down to the function of that behavior. What made them act out in that way? When one is simply punished, they repeat the behavior because it was not solved at the root. Discipline and Punishment are not as interchangeable as some make it out to be. Discipline involves teaching the student why what they did was wrong and deciding on how to properly address it in the future, while punishment involves deeming a seemingly unrelated task as a way to prevent the problem again. In Driscoll's text, it says that punishment can serve as a model for aggression, which is not what we want to model for students. 
How we as adults respond to students and teach them about behavior regulation will impact their social and emotional development. Praising students for good behavior, ignoring behavior that is not distracting to others, and allowing them to talk about why they are acting out are all good practices to have in the classroom. According to the American Academy of Pediatrics, when children are taught to control their behaviors, they are taught to avoid harm. Punishment is an outdated use of power and has been shown to negatively impact students in the future as adults. 

",,,,,,,,,226,1082
Async,2,282098,115500,275533,60407,47520,2023-09-21,17:34:00,"Thursday, September 21, 2023, 5:34 PM",Re: Oppose ,"While you make valid points about students' social emotional health, behaviorist theories of learning show that ""positive punishment"" can have an impact on students when employed to curb undesirable behaviors in a way that is respectful of their self but seeks to immediately curb a negative beahvior. For example, a teacher who catches a student using a cell phone might collect the phone for the rest of the class period or day. Most times, it makes it less likely the student will repeat the behavior because the loss of the phone was daunting enough the curb their desire to break the rule.",,,,,,,,,102,493
Async,2,282588,115500,275533,50400,47520,2023-09-21,19:45:00,"Thursday, September 21, 2023, 7:45 PM",Re: Oppose ,"Hi 47520!
I love that you mentioned ""What made them act out that way"" in your position. Through my experience raising children, I've learned that every behavior is communication. There have been times when I have reacted too quickly or harshly, and I've always regretted it, even when it is a safety concern. My child could have benefited more from me taking a breath and trying to understand the ""root"".",,,,,,,,,70,336
Async,2,283012,115500,282098,47520,60407,2023-09-21,21:13:00,"Thursday, September 21, 2023, 9:13 PM",Re: Oppose ,"I can see where this may come up, but for me personally I think that is where the line between discipline and punishment can be drawn. What if instead you have a chat with the child about why they are not allowed to have their phone and have them explain why they feel the right to have it. This is when a consequence can be implemented again for the behavior, but I do not think that taking the phone would even serve as a form of punishment. Consequences are meant to teach and help maintain accountability, while punishments are meant to shame or guilt the students into not repeating the behavior.",,,,,,,,,111,491
Async,2,284520,115500,275533,64758,47520,2023-09-22,11:14:00,"Friday, September 22, 2023, 11:14 AM",Re: Oppose ,"Hi 47520! I think you offered an interesting perspective on the importance of understanding the underlying reasons for a student's behavior and promoting a positive and educational approach to discipline. I agree that it's definitely vital to consider the root causes of behavior and implement strategies that foster long-term understanding and growth. I also agreed with your emphases on the significance of addressing the function of a student's behavior rather than simply punishing them outright, especially if there is no clear support or communication when doing so. Discipline, as you mentioned, involves teaching and guiding the student to understand why a certain behavior is inappropriate and how to make better choices in the future. As we've been reading in the course thus far, this approach does align with many principles of behaviorism, emphasizing that the shaping of behavior is overall best done through understanding and learning from consequences. However, I think it's also important to recognize that punishment, when used judiciously and accompanied by clear communication and positive support, can also serve as a tool to deter and correct undesirable behavior. While it may act as a short-term solution, it can complement a comprehensive disciplinary approach by providing immediate consequences for actions that disrupt the learning environment. I think the key factor is striking a balance between positive, consistent discipline and punishment, ensuring that the focus is on behavioral education and fostering a sense of responsibility and critical thinking in the student/child. By incorporating open, positive discussions about behavior, encouraging such open communication and teaching self-regulation, we can empower students and children to understand the consequences of their actions and make informed choices. Additionally, the American Academy of Pediatrics addresses the importance of teaching children to control their behaviors to avoid emotional, mental, and/or physical harm. A well-rounded disciplinary approach that includes consistent reinforcement and appropriate, fair punishment can contribute to this objective. Positive reinforcement encourages good behavior, but judicious punishment can more quickly deter harmful actions, promoting safety and a conducive learning environment.",,,,,,,,,334,1998
Async,2,285257,115500,275533,49753,47520,2023-09-22,13:41:00,"Friday, September 22, 2023, 1:41 PM",Re: Oppose ,"Hey 47520,

I agree with your statement that discipline and punishment are different. However, I do think there are times when we need discipline and punishment. Sometimes it is not enough for students to know what they did was wrong, they also need to know that there are consequences for their actions. For example, students in high school know that skipping class is not allowed. If a student gets caught skipping they need discipline and to know why that behavior was wrong. Then, if the behavior continues they need punishment as a consequence for their actions because only receiving discipline was not effective enough in this example.",,,,,,,,,107,536
Async,2,287974,115500,283012,31035,47520,2023-09-23,5:06:00,"Saturday, September 23, 2023, 5:08 AM",Re: Oppose ,"Hello! I'm on the same page as you--punishment is not as effective. [smile] I think one thing to remember about the definition of ""punishment"" in this context, is that it doesn't have the same connotation as the word we usually use. ""Punishment"" is simply discouraging a behavior. You can do that in lots of ways that don't involve shame or guilt. Your example of talking about why they should not use the phone in class is TECHNICALLY a punishment, since we are discouraging the behavior!",,,,,,,,,85,400
Async,2,276086,115726,1,43179,1,2023-09-20,15:40:00,"Wednesday, September 20, 2023, 3:40 PM",SUPPORT post 1- Sabria J,"Punishments are effective at bringing a desired result quickly. Often, authority figures give negative repercussions to discourage unwanted behaviors. For instance, if a student disrupts class by speaking and laughing during the lesson, the teacher can tell them to leave the class to regulate future behavior. Getting in trouble can be embarrassing and isolating, which will likely make students avoid doing the same actions that lead to negative consequences. 

",,,,,,,,,69,394
Async,2,280919,115726,276086,47520,43179,2023-09-21,13:51:00,"Thursday, September 21, 2023, 1:51 PM",Re: SUPPORT post 1- Sabria J,"Hey 43179,
I understand that punishment can bring a desire result more quickly, but what about in the long term? If the behavior and punishment continues, can we not anticipate a negative impact on the students mental health and confidence amongst peers? There is no good way to determine if punishment is necessary or detrimental to a behavior situation, so why not look into function of the behavior instead?",,,,,,,,,69,343
Async,2,283948,115726,276086,50400,43179,2023-09-22,5:57:00,"Friday, September 22, 2023, 5:58 AM",Re: SUPPORT post 1- Sabria J,"Hi 43179! I agree that punishments effectively and quickly bring the desired result, but teachers have it hard enough already. Delivering proper punishment can be challenging. In a school environment, where the teachers are entirely overworked and might not have time or patience left to deliver appropriate negative or positive punishment or might not have backup from their administration, dishing out punishment has the potential for the student to escalate behaviors or in some cases, want to see the principal to get the connection.",,,,,,,,,84,455
Async,2,287981,115726,280919,43179,47520,2023-09-23,6:05:00,"Saturday, September 23, 2023, 6:05 AM",Re: SUPPORT post 1- Sabria J,"Hi 47520,
While I agree that severe punishments can bring emotional distress and imprint lasting psychological consequences on a developing mind, parents, teachers, or any figure with influence should only remove a privilege temporarily until the behavior changes. For instance, if a child does not turn in work on time, they can have a time limit placed on technology usage to mitigate distractions.",,,,,,,,,63,339
Async,2,287982,115726,283948,43179,50400,2023-09-23,6:15:00,"Saturday, September 23, 2023, 6:16 AM",Re: SUPPORT post 1- Sabria J,"Hi 50400,
I agree that deciding which disciplinary measures should apply in various applications can be challenging. We all have biases about what is too strict when it comes to giving repercussions for undesired behaviors. Being transparent with students about caring about them and their general well-being helps them not interpret being punished as unloving or mistreating them. It can build bonds as students realize that people who care about you do not hold you up in detrimental ways; they hold greater expectations from you.",,,,,,,,,85,448
Async,2,288225,115726,276086,49753,43179,2023-09-23,11:20:00,"Saturday, September 23, 2023, 11:20 AM",Re: SUPPORT post 1- Sabria J,"Hey Sabrina,

I agree that punishment is an effective way to get a quick result. I think that it is also important to explain to students why they received that punishment. To build off of your example of a disruptive student, if it was my class, after sending the student out I would speak with them individually to explain that they were sent out because their behavior was interfering with others' learning. Hopefully understanding why they received the punishment will prevent further class disruptions.",,,,,,,,,84,423
Async,2,289868,115726,276086,5259,43179,2023-09-23,22:07:00,"Saturday, September 23, 2023, 10:07 PM",Re: SUPPORT post 1- Sabria J,"Hi 43179, while I do agree that punishment can help regulate classroom behavior, it can have negative consequences. I have a distinct memory from elementary school of having to change my behavior chart to red, which meant I wasn’t behaving, because I was talking during class. While that did make such an impact on my behavior that I was not as tempted to do that anymore, the embarrassment I felt has stuck with me so much that I still remember it to this day. As a child, I found getting called out in front of the class ""traumatizing."" After that, I dreaded going to school in fear that it would happen again. I think that positive reinforcement is a more productive and efficacious way to change behavior. It doesn't create an aversion to going to school, but rather excites students.",,,,,,,,,140,650
Async,2,282054,118245,1,60407,1,2023-09-21,17:25:00,"Thursday, September 21, 2023, 5:25 PM",SUPPORT- Wilson,"Behaviorism tells us that people can adapt and change in order to get what we need to succeed and survive. As such, it is clear punishment is more effective than positive reinforcement as a method for changing behavior, as it falls in line with ideas of classical conditioning. These tactics are typically highly emotional and stay with people for far longer than rewards which might be transient in fufilling the need or desire of the person. Experiencing the negative consequences of punishments helps to reinforce the underlying causal infastructure we as humans interpret from the sequence of events which play out in our daily lives. The sting of a penalty for a late assignment is far more likely to help students remember to prioitize deadlines than giving them an incentive that might not impact the emotions of the student.
",,,,,,,,,139,694
Async,2,283953,118245,282054,50400,60407,2023-09-22,6:18:00,"Friday, September 22, 2023, 6:18 AM",Re: SUPPORT- Wilson,"Hi 60407! I do agree with your that punishment can stay with people far longer, but I see your example differently. What if the teacher asked why they didn't turn it in and gave them more time or even helped them understand how to prioritize? Then, when the student turns in the work on time next time, the teacher could give positive reinforcement. A connection might start.

I used to hate when teachers gave students more time to do things. I felt it wasn't real-world enough--I've since become a believer in a different approach. My son's middle school encourages us parents to let the kids connect with the teacher without our intervention. I've witnessed the grace some teachers give him when he doesn't quite understand the assignment. I see him trying harder and learning from the teacher's notes. He would have missed much growth if they had just handed him a grade or assumed he didn't prioritize.",,,,,,,,,157,750
Async,2,285201,118245,282054,49753,60407,2023-09-22,13:31:00,"Friday, September 22, 2023, 1:31 PM",Re: SUPPORT- Wilson,"Hey 60407,
I agree that punishment can be more effective to change behavior than positive reinforcement because it teaches students that there are consequences for their actions. I believe that punishment prepares them more for life beyond school as well. For example, if a student receives a punishment for being late to class then it reinforces the importance of being on time while also showing them there are consequences for their actions. Being on time is important for jobs they will have after high school, so if they are aware of consequences for being late when they are in high school, it can help them avoid more serious consequences when they are adults such as getting fired for being late everyday.",,,,,,,,,121,593
Async,2,287977,118245,282054,31035,60407,2023-09-23,5:30:00,"Saturday, September 23, 2023, 5:30 AM",Re: SUPPORT- Wilson,"I love the idea of people learning from their actions. I think this applies to positive reinforcement as well. I have never had to be punished for being late to anything, etc, because I have been instead rewarded for being on time to things: I don't have to struggle to find parking, I get better seats, I'm not as stressed.

I know we're assigned sides, but if I had to state my real opinion, it would be that I feel that punishment and reinforcement (as defined by operant conditioning, and NOT in the colloquial) work hand in hand. Sometimes you need to discourage a behavior. Sometimes you need to reinforce a behavior. ",,,,,,,,,112,512
Async,2,287990,118245,282054,43179,60407,2023-09-23,6:55:00,"Saturday, September 23, 2023, 6:56 AM",Re: SUPPORT- Wilson,"Hi 60407,
I agree that students are likely to alter their ways if there is negative consequence; you might need to remove something valuable in the short term. Students who more frequently have their things taken away could grow distant and adopt a fixed mindset. But if there is an environment of love, they may be more likely to reflect on their behavior and model themselves after their peers, who often receive praise or other positive feedback. This process relates to scaffolding, which in developmental psychology is a term that refers to a person (an adult or respected individual in their proximity of a similar characteristic) who helps a child to develop and grow.",,,,,,,,,114,562
Async,2,292449,118245,287990,60407,43179,2023-09-24,18:08:00,"Sunday, September 24, 2023, 6:08 PM",Re: SUPPORT- Wilson,"I don't think a respectful. loving envronment and a use of ""punishment"" in the operant conditional definition are mutially exclusive. In fact, punishment can be most effective when learners know it is coming from someone who respects and values them. As such, they are likely to take the punishment as an impetus to change or improve. Knowing you are safe and someone is giving you direction to help you grow means you can develop more quickly through fast modifications of behavior. Punishment doesn't mean ""hurt"" in this regard. It means a change in the environment to make it less likely the behavior happens again. Students often see changing a seating chart as a punishment, when it reality, it is a mechanism by which teachers hope to redirect the attention and focus of their students.",,,,,,,,,134,659
Async,2,294149,118245,282054,67222,60407,2023-09-24,21:47:00,"Sunday, September 24, 2023, 9:47 PM",Re: SUPPORT- Wilson,"Hi 60407!

I enjoyed reading your perspective but I have to disagree. Punishment is not as effective because of the emotional response that is associated with it. For some students, the emotional toll is too much and it makes them some concerned with doing the wrong thing that they become fearful of their teacher or an authority figure that they shut down and become a shell of themselves. On the other hand, some students have no emotional response to punishment and they do not care about it so their behavior will never change and they will continue to act out. Positive reinforcement combats both of these things by ignoring negative behaviors and increasing the occurrence of positive ones.",,,,,,,,,118,579
Async,2,282553,118467,1,49753,1,2023-09-21,19:34:00,"Thursday, September 21, 2023, 7:34 PM",Support,"Punishment is more effective than positive reinforcement as a method for changing behavior because it can end bad or dangerous behavior, and it can teach people which actions are inappropriate in different settings. Driscoll (2005) stated that “…punishment is _the presentation of an aversive stimulus contingent upon a response that reduces the rate of that response” _(p. 40)._ _When people use punishment as a reinforcement, they are able to reduce someone’s bad behavior. For example, when students at my school are caught skipping class, the punishment they receive is a phone call home and in school suspension. Students avoid the punishment by not skipping class.

In addition to stopping bad behavior, punishment as a reinforcement also has the ability to prevent potentially dangerous behavior. For example, Driscoll (2005) stated that “… if a child is about to injure herself by picking up a hot iron, a fast slap on the wrist or a loud ‘NO!’ may be the most effective way to gain her attention and stop her in the act” (p. 42). In this example, the child received the punishment as a way to stop dangerous behavior before they were injured.__

            Another reason punishment is more effective than positive reinforcement is because it can be used to teach people which actions and behaviors are inappropriate. Driscoll (2005) referenced work from Azrin & Holz (1966) and Walters & Grusec (1977) when she stated that “… punishment has the advantage of conveying information about what behaviors are considered appropriate or inappropriate in given situations” (p. 42). This applies to schools because there are certain behaviors that are not appropriate for school, and having a punishment response can reduce the behavior. For example, I once had a student get mad and flip a desk. His punishment was going to the principal, and as a result of the punishment he never engaged in that behavior again. The punishments showed the student that their behavior was inappropriate for school and needed to change.

            Positive reinforcement is defined by Driscoll (2005) as “…_the presentation of a reinforcer (satisfying stimulus) contingent upon a response that results in the strengthening of that response” _(p. 37).  It does not modify bad or dangerous behavior, or teach which actions are inappropriate in different settings because positive reinforcement is meant to continue encouraging good behavior, rather the stop bad behavior. Driscoll (2005) stated that “…behavior is more likely to reoccur if it has been rewarded or reinforced” (p. 35). Therefore, if we want to end bad behavior then we must use punishment as a reinforcement, and save positive reinforcement to encourage the continuation of good behavior. In an article about positive reinforcement in the work place, Wei and Yazdanifard (2014) stated that “Positive reinforcement is highly effective in strengthening and increasing behaviors” (p. 10). For example, if a child is about to engage in dangerous behavior, such as touching an open flame, then a punishment would be the best reinforcement option at that moment because it is a bad behavior. However, if a child is engaging in safe behavior, such as putting on their seatbelt as soon as they get in the car, then one should use positive reinforcement to continue encouraging that good behavior. So, while positive reinforcement may be useful in some situations, it is not the best for trying to end bad, dangerous, or inappropriate actions.

            In conclusion, punishment is more effective than positive reinforcement because it can be used to end bad, dangerous, or inappropriate behavior more quickly. While positive reinforcement is better for encouraging good behavior, punishment is better for stopping bad behavior.

_ _

_ _

Sources:

 

Driscoll, M. (2005). _Psychology of Learning for Instruction _(3rd ed.). Pearson Education, Inc

 

Wei, L. and Yazdanifard, R. (January 2014). “The impact of Positive Reinforcement on Employees’ Performance in Organizations.” _American Journal of Industrial and Business management 4_(1) pp. 9-12.  DOI:10.4236/ajibm.2014.41002   retrieved from: https://www.scirp.org/pdf/AJIBM_2014011309335174.pdf

 

",,,,,,,,,643,3525
Async,2,287975,118467,282553,31035,49753,2023-09-23,5:15:00,"Saturday, September 23, 2023, 5:15 AM",Re: Support,"I like the focus that you put on the specific use cases of punishment vs reinforcement. Punishment is, at times, the better, more effective route for curbing inappropriate behaviors, especially since even if you want to encourage the appropriate behavior, the learner still needs to know what the inappropriate behavior is. A lot of times people see punishment as a bad thing, but all it really is is discouraging a behavior. You don't have to shame someone in order for them to know a behavior is inappropriate. You can tell them, before they even engage in the inappropriate behavior.

Take, for example, learning to look both ways before crossing the street. Punishment is merely discouraging a behavior. My mother discouraged the behavior of not looking both ways before crossing the street not by encouraging me to look both ways, but instead by telling me ""if you don't look both ways, you might get hit by a car."" She applied a stimulus (her words, logic, and motherly pressure) to discourage a behavior. This is called positive punishment (because she added a stimulus to discourage a behavior.)",,,,,,,,,185,918
Async,2,288184,118467,282553,50400,49753,2023-09-23,11:01:00,"Saturday, September 23, 2023, 11:01 AM",Re: Support,"Hi 49753, I turned in all my work for this week. I wanted to jump on here real quick to let you know that I enjoyed reading your position. I used some of your points on my After the Debate Summary paper.",,,,,,,,,42,163
Async,2,288213,118467,287975,49753,31035,2023-09-23,11:16:00,"Saturday, September 23, 2023, 11:16 AM",Re: Support,"Hey 31035,

I agree that we do not have to shame people to teach them if a behavior is inappropriate. I also liked your example of a positive punishment and how that can be used to effectively change behavior.",,,,,,,,,39,168
Async,2,289664,118467,282553,5259,49753,2023-09-23,20:26:00,"Saturday, September 23, 2023, 8:26 PM",Re: Support,"Hi 49753, I enjoyed reading your debate post! One statement you made that I could argue against is positive reinforcement ""does not modify bad or dangerous behavior, or teach which actions are inappropriate in different settings because positive reinforcement is meant to continue encouraging good behavior, rather the stop bad behavior."" I am a teacher's assistant for a preschool class and we give students who followed the rules and were on their best behavior a prize at the end of the day. Throughout the day, we will make students who aren't following the rules aware in hopes that they will change their behavior. If they change the behavior, they will get a prize. When it's time to give prizes out and they don't receive one, they may consider their actions that day and alter them for the next class because they are motivated to get a prize.",,,,,,,,,147,707
Async,2,287973,120610,1,31035,1,2023-09-23,5:02:00,"Saturday, September 23, 2023, 5:02 AM",OPPOSE,"First a definition of each item, to make sure that we are on the same footing. My definitions are an expansion of what the book includes, based off of what I learned in other psychology classes. When it comes to behavior, there are 2 levers you have to pull: reinforcement or punishment. 

	* Reinforcement is exactly what it sounds like: Encouraging a behavior to continue. 
	* Punishment is NOT what it sounds like. It is merely discouraging a behavior.

These two levers can be pulled or pushed two ways: negative or positive.

	* Positive means that you are adding something
	* Negative means you are taking something away.

So, in this case, Positive reinforcement is adding something to encourage a behavior. The ""punishment"" in this post isn't defined, so I'll assume that we mean either (taking away, or applying something to discourage a behavior.)

I oppose the idea that punishment is better than positive reinforcement in changing behavior. This is for many reasons. The one I'll focus on is that punishment does not encourage the correct behavior. It merely tells the person what NOT to do. If the person being punished isn't additionally told what they are supposed to be doing very clearly, they will have no recourse for fixing their mistake and learned helplessness will eventually set in. Positive reinforcement, on the other hand, is a form of active construction where learners are encouraged for each step they take in the right direction.

 Take for instance, dancing. If you merely punished (discouraged an incorrect behavior) for the wrong step in the dance, punishment does not tell the subject what the correct step is. In order to make the punishment effective, you will then have to use positive reinforcement anyway, to make sure to encourage the correct behavior.

Another thing I think about, especially as I'm training my dog, is that punishment is only as good as you are able to keep it up. I would much rather my dog know that she gets treats when she is by me while we hike, rather than to have to punish my dog each time she decides to chase a squirrel. It's much easier to maintain a schedule of encouraging good behavior of getting treats when she hikes nicely (especially with a variable schedule to reduce extinction) than maintain a schedule of discouraging bad behavior (especially with a variable schedule where the dog learns that they can SOMETIMES get away with chasing the squirrel).
",,,,,,,,,408,2005
Async,2,287983,120610,287973,43179,31035,2023-09-23,6:31:00,"Saturday, September 23, 2023, 6:31 AM",Re: OPPOSE,"Hi 31035,
I appreciate your definitions of the applicable terms. Punishment is not always harmful or overly harsh. I feel that taking away can also discourage some behaviors and form alternative habits indirectly. In the post, you referenced a dance student who received chastisement for making a misstep. You are correct that the student does not explicitly learn which step they should do next time. However, the instructor's criticism may illicit a habit of practicing or receiving one-on-one practice with the instructor outside of class. Maybe the student initially feels singled out or embarrassed. However, students can vastly improve by taking this punishment and redirecting it as motivation to set new goals and receive further support.",,,,,,,,,116,629
Async,2,288209,120610,287973,49753,31035,2023-09-23,11:14:00,"Saturday, September 23, 2023, 11:14 AM",Re: OPPOSE,"Hey 31035,

I found your definitions very helpful in furthering my understanding of positive and negative reinforcement. I do think that punishment can provide a learning opportunity to correct a person's behavior if that person is told why they are receiving the punishment. For example, if I see a student running down the hall I might shout ""stop running down the hall!"" I would do this to quickly stop a potentially dangerous behavior, but in order for that negative reinforcement to have a lasting change in behavior I would need to explain to the student that we walk instead of running down the hall to ensure the safety of everyone in the hall. If punishment is used as a reinforcement, then the person receiving the punishment must also be given an explanation of why they received that punishment.",,,,,,,,,138,667
Async,2,289882,120610,287973,5259,31035,2023-09-23,22:12:00,"Saturday, September 23, 2023, 10:12 PM",Re: OPPOSE,"Hi 31035, you made great points in your debate post! When a punishment is given, it only teaches them the wrong behavior, failing to mention what they should be doing instead. Punishment discourages an undesired behavior and lessens the likelihood of it occurring again, however explaining the action steps as to what should be taken instead are not required. This discourages someone from speaking up to get clarification as to what to do instead because they could feel threatened by the person who gave the punishment. Receiving a punishment could leave someone feeling frazzled and confused because they do not understand the underlying meaning as to why their actions were punished and cannot learn from the situation.",,,,,,,,,117,605
Async,2,290032,120610,287983,43179,43179,2023-09-23,23:33:00,"Saturday, September 23, 2023, 11:33 PM",Re: OPPOSE,I reread my response and I realized that I mistakenly wrote illicit when I meant to elicit.,,,,,,,,,17,75
Async,2,292306,120610,287973,42489,31035,2023-09-24,17:42:00,"Sunday, September 24, 2023, 5:42 PM",Re: OPPOSE,"Hi 31035,

I think you provided great clarification of the terms reinforcement and punishment. I see how punishment could be unhelpful with the example you provided. I do support the idea that punishment is more effective in changing behavior than positive reinforcement, as punishment should be coupled with reasoning. I will add to the example you previously mentioned. The student is most likely learning the dance through shaping and chaining (Driscoll, 2004). The dancer should be shown the steps and how the steps should be sequenced together by the instructor. When the dancer exhibits an undesirable behavior (wrong dance move), the instructor can punish the dancer by saying ""no,"" and provide the oral reason that it is an incorrect step or move. This allows the student to understand what they did that was incorrect and think back to the correct sequence of steps for the dance. The punishment is a quick and immediate adjustment that allows the dancer to distinguish between appropriate and inappropriate moves.",,,,,,,,,165,856
Async,2,289454,121136,1,5259,1,2023-09-23,18:58:00,"Saturday, September 23, 2023, 7:01 PM",Oppose,"According to Mary P. Driscoll’s _Psychology of Learning for Instruction_, positive reinforcement is “the presentation of a reinforcer (satisfying stimulus) contingent upon a response that results in the strengthening of that response.” This definition signifies that someone is given a reward in response to a desired behavior that they exhibited. The purpose is to encourage the desired behavior so they are more likely to repeat the behavior again in the future. It promotes a positive environment and relationship due to the supportive nature of the method. It increases one’s self-efficacy by believing in themselves that they can do something since they are receiving support and encouragement by doing so from others.

I oppose the statement that punishment is more effective than positive reinforcement to change behavior. While punishment could put a stop to an undesired behavior in the moment, this is a short-term method. The punishment provides an instant suppression of the behavior, but does not help long-term. It does not get down to the root cause of the issue, therefore making it a temporary method. It may take numerous times executing a punishment for the undesired behavior to eventually decrease in frequency. In addition, punishment is a negative method to enforce behavior. The person administering the punishment and the one receiving it can lead to a negative relationship. Negative reactions and feelings such as anger and resentment can be associated with it.

I work as a preschool assistant teacher and from my experience, I have found that children respond much better to positive reinforcement rather than punishment. For example, we establish with the children at the beginning of the school year that they will receive prizes at the end of each class if they are on their best behavior. When I first started working there a few years ago, there were behavioral and listening issues. Once we began implementing the prizes, the children’s behavior vastly improved. When they knew we were watching them, they were encouraged to show us that they were following the classroom rules so they were more likely to receive a prize. In the long-term, students exhibiting these desired behaviors and following the rules becomes second-nature since they are so used to doing it everyday. As a result, the desired behaviors are more likely to occur. On the other hand, I find that when a punishment is involved, the child exhibits feelings of anger, frustration, sadness, and resentment to the teacher. When children would be given a punishment, it would usually involve crying and no longer wanting to participate in the activities we had planned that day. Implementing positive reinforcement techniques promotes a positive learning environment, improves the relationship between student and teacher, and increases the likelihood of exhibiting desired behaviors.

",,,,,,,,,455,2427
Async,2,292100,121136,289454,42489,5259,2023-09-24,17:08:00,"Sunday, September 24, 2023, 5:08 PM",Re: Oppose,"5259,

I can see the benefit in students responding more to positive reinforcement compared to punishment, when the response is rewarded with something valuable. I do want to address that punishment would be more effective than positive reinforcement in the example you provided. If students are exposed to the same reward at the end of every school day, eventually that reward will lose its value. If children are just receiving candy or stickers, there is the likelihood that these rewards will no longer hold merit after an extended amount of time. At this point, students will begin to act out as the reward is no longer worth them not having a ""fun"" time or doing what they want. On the contrary, students who are not rewarded for normal, expected behavior, but punished when exhibiting undesirable behavior will quickly learn which behaviors are acceptable in the classroom. If a student chooses to act out, he should be punished by either visiting the principal, leaving the room, detention, etc. The student will not want to experience the punishment again, and quickly learns which behaviors are inappropriate in the classroom.",,,,,,,,,187,951
Async,2,290500,121529,1,42489,1,2023-09-24,11:14:00,"Sunday, September 24, 2023, 11:14 AM",SUPPORT ,"Behaviorism is based on the premise that ""a response came to be established, or learned, by its association with an environmental stimulus"" (Driscoll, 2004, pp. 32). Responses can be strengthened through positive or negative reinforcement, or weakened by punishment or reinforcement removal. 

Punishment is a more effective means to changing a behavior, rather than positive reinforcement, as punishment has some advantages compared to other reinforcement principles. Driscoll refers to the works of Azrin and Holz (1966) when suggesting that, ""punishment has an advantage over the other procedures when there is a need to stop a behavior quickly"" (2004, pp. 42). Azrin and Holz (1996) also allude to the advantages of punishment by mentioning, ""Punishment has the advantage of conveying information about what behaviors are considered appropriate or inappropriate in given situations"" (Driscoll, 2004, pp. 42). When trying to change a behavior, it is imperative that the learner can quickly learn to not exhibit an undesired behavior and understand which behaviors are appropriate or inappropriate. 

In addition, positive reinforcement only works when a reward or recognition is expected or desired by the learner. If the reward is not desired or valued, then the response will not be strengthened. Punishment weakens the response by introducing an aversive stimulus (Driscoll, 2004, pp. 40). Learners realize they do not want the aversive stimulus to continue, so therefore they quickly reduce the frequency of the inappropriate response. While quickly learning to reduce the frequency of the inappropriate behavior, the learners also change their actions to increase the frequency of the appropriate or desired behavior that does not enact an aversive stimulus. 
",,,,,,,,,266,1501
Async,2,292382,121529,290500,60407,42489,2023-09-24,17:55:00,"Sunday, September 24, 2023, 5:55 PM",Re: SUPPORT ,"Hi, 42489-
I agree that positive reinforcement only works when the reinforcer i desired and achievable for the learner. Often, positive reinforcement means delayed gratification, which is often difficult for learners to value. Punishment is typically immediate and can change a behavior quickly and, as you stated, reduce the frequncy of that behavior in the future. Research shows punishment can stop undesired behaviors, which is important when those behaviors might have large impacts on others or lead to safety risks.",,,,,,,,,80,443
Async,2,294197,121529,290500,67222,42489,2023-09-24,21:52:00,"Sunday, September 24, 2023, 9:52 PM",Re: SUPPORT ,"Hi 42489!

While you bring up some good points I have to disagree with your statement. Yes, punishment gives you the ability to stop a behavior quickly but that is the end of its effectiveness. Punishment leads to a cycle that just repeats itself of discipline, quick change, and then back to negative behavior. Positive reinforcement over time encourages positive behaviors instead of negative ones. While it takes time to implement and yes, some reward is necessary for positive reinforcement to work, you eventually have less negative behavior outcomes because individuals become conditioned to only perform a positive behavior instead of a negative one.",,,,,,,,,104,553
Async,2,293231,122458,1,67222,1,2023-09-24,20:16:00,"Sunday, September 24, 2023, 8:16 PM",OPPOSE,"when looking at the effectiveness of punishment versus positive reinforcement we can see that positive reinforcement has a better success rate long term. punishment makes an undesirable behavior stop but only for a short amount of time, but the negative behavior does not necessarily go away. on the other hand, once positive reinforcement is introduced and takes the time to be effective it has a much higher success rate. the goal of positive reinforcement is to make positive behaviors increase.

if we increase the occurrence of positive behaviors, negative ones are in return going to decrease. when we reward positive behavior through positive reinforcement we encourage more positive behaviors that have been conditioned through rewards to reoccur. when we punish negative behaviors we are only putting an end to the issue for a short period of time. punishment is like trying to put a bandaid on a broken arm, while positive reinforcement is like actually treating the broken arm by using a cast, taking medicine, and going to physical therapy.",,,,,,,,,170,884
Async essay,na,na,na,na,85767,na,na,na,na,na,"After debating the differences and benefits between punishment and positive reinforcement, I have come to the conclusion that both are needed to create a healthy balance for classroom management. I do think boundaries and consequences around unsafe behaviors are necessary for maintaining respect for the learning environment and others but not at the expense of student’s nervous systems or real growth. I thought the example of drunk driving, while understandable, was extreme and did not stand the test of replicating a situation found in a learning environment. I don’t drive intoxicated for many reasons. I personally feel like a better citizen when I respect the lives of others while I drive and choose to contribute to society that way instead of risking people’s lives. Both outcomes are equally important to managing my behavior but I drive better knowing that I am acting in a responsible way rather than afraid of going to jail. Putting myself back in my classroom and thinking of all the ways my students responded to threats and punishment made me consider how I wanted to approach the assignment of opposing punishment as a main behavioral management technique. Generally students responded well to encouragement and being built up with positive reinforcement and frankly, I felt better too. When students felt like they were on the right track and praised for good behavior or performance around a task we all celebrated together and that created a community where others were encouraged when they weren’t on the right track.",,,,,,,,,,
Async essay,na,na,na,na,5259,na,na,na,na,na,"The debate as to whether or not “punishment is more effective than positive reinforcement as a method for changing behavior” is a compelling one, with strong arguments on both the “support” and “opposing” sides. After evaluating the arguments, my stance is neutral as I believe that both are effective methods in changing behavior when they are applied hand-in-hand. There is not a one-size-fits-all solution to changing behavior, and multiple methods creates an effective and more balanced approach. Since there are limitations to both approaches, a combination would prevent these limitations from shining through. For example, punishment only teaches someone what behavior not to do. It does not teach someone what behavior they should be exhibiting instead. On the other hand, positive reinforcement lets someone know that they are exhibiting the correct behavior. If a combination of the two were to be implemented, it would encourage the desired behavior and discourage the undesired behavior. For example, in a classroom setting the teacher wants their students to follow the classroom rules. Students who do this throughout the entire day will receive a free homework pass, and students not following the rules will receive extra homework to complete. The students exhibiting the desired behavior are rewarded with something enjoyable while the others are not. In turn, the students who did not follow the rules will strive to make those behavioral changes so they will receive a free homework pass as well. Both sides made very strong cases as to why either punishment or positive reinforcement was more effective for behavior change. The strongest arguments made were the ones that provided examples and cited sources from where they were getting their information. This built credibility in their argument. For example, 31035   challenged 64758 Rush’s definition of the term “consequence.” 31035 stated their argument, along with a citation to a credible source backing up their claim. In addition, 64758 Rush’s arguments stood out to me because they refuted any comment on their post for those that disagreed with them. 64758 responded with a highly detailed explanation along with valuable sources and examples. My main takeaway from the “support” side of the argument is that punishment is a quick way to immediately eradicate an undesired behavior. One will create an association between the punishment and behavior, thus lessening the likelihood of it occurring again. My main takeaway from the “oppose” side is that positive reinforcement motivates someone to do the desired behavior so they can be rewarded. This approach is lighthearted and does not have negative consequences on one’s feelings. Based on the arguments made, I feel that the “oppose” side made stronger arguments. One observation I made was that the “support” side only made arguments as to why punishment was better, with only 64758 Rush mentioning one negative impact of positive reinforcement. On the other hand, the “oppose” side made various arguments as to why punishment was bad and positive reinforcement was good. By the end of the debate, I came to my conclusion that I was neutral on the idea that punishment is more effective than positive reinforcement. Both sides made valid arguments that I found myself agreeing with. I think that these two methods collaborate well with one another and create a balance in changing behavior. The technique I used to come to this conclusion was thinking about how I might go about a situation to change a behavior. From personal experience working in a classroom setting, I use both and I find both to be equally as effective when applied in the appropriate situation.",,,,,,,,,,
Async essay,na,na,na,na,60407,na,na,na,na,na,"After reading and interacting with my peers' posts on behaviorist ideas about learning, I somewhat agree with the idea that punishment is more effective than positive reinforcement as a method for changing behavior. I believe there are contexts and situations in which both approaches are warranted and it is important to understand the limitations of both types of approaches. The negative also focused on benefits of offering rewards and how the long term benefits from rewarding behavior could impact learners over time. The affirmative stand centered around which types of punishment were appropriate and how the punishment could yield faster results toward the desired ends. Within our conversation, it seemed like there were four or five main contentions around the costs and benefits of punishment. After reading the threads, it seemed the negative contingent concentrated on the notion that punishment can be emotionally devastating and provide lasting impacts for learners. While I think it is important to consider the long-term effects of punishment, I think the idea that all punishment is bad and likely to adversely impact individuals is an all or nothing take on a nuanced situation. I think the stronger point for the negative was around the notion that longer term learning happens when you reward over time. Habits are built over time and rewarding desired behavior again and again is more likely to build those habits of mind for students. In terms of operant conditioning, punishment doesn’t mean removing all privileges from a learner. In fact, that is only the negative punishment portion of operant conditioning. As a veteran educator, I’ve used positive punishment for any number of small, daily occurrences in my classroom. From talking out of turn and offering redirection, to running in the halls and making students come back and walk, positive punishment is asking students to model behavior we desire, especially in situations where safety and structure are the aims. I believe it is important to reward the behaviors we desire when we see them, especially as they grow over time. But, it is also important to use punishment in times where quick changes are necessary for the health and safety of all learners. I think the idea that punishment is more than taking something away and that it can lead to change was an important idea. ",,,,,,,,,,
Async essay,na,na,na,na,49753,na,na,na,na,na,"After reviewing the arguments posted by my peers my final position is that I somewhat disagree with the position that punishment is better than positive reinforcement as a method for changing behavior because I think you need a combination of both punishment and positive reinforcement to create necessary change. There were four initial arguments opposing punishment as a better method, and four in support of punishment. I found 5259's argument in opposition of punishment to be one of the strongest because she defined positive reinforcement, explained why she believed punishment is not effective, and then provided a personal example to support her answer. I found 60407 to have one of the stronger arguments in support of punishment due to her explanation of the impact that punishment can have on behavior. The arguments I found to be the weakest were the shorter ones that did not contain as many examples or evidence from the reading to support their arguments. I weighed all the arguments to come to my final conclusion by looking at which arguments presented the most evidence and examples to support their claims. I also considered my own personal experience in the classroom to come to my conclusion that you need a mixture of both punishment and positive reinforcement in order to change behavior. For example, I have some students who are not motivated by positive reinforcements, but when a punishment, such as a phone call home is given, then their behavior is modified. However, if I want the change to last then I need to talk with the student about their behavior and figure out what incentives work best to motivate that student. Other students are heavily driven by positive reinforcement, but that should not exempt them from punishment when they break a rule. For example, if the positive reinforcement is a sticker for turning in their work, but the consequence is a phone call home when they do not turn in work, I have to abide by both standards for all my students. So, if a straight A student does not turn in their homework, then they need to receive the punishment of a phone call home, and once they turn in the work then they can have the positive reinforcement of receiving a sticker. In conclusion, after reviewing my peers’ arguments and reflecting on my own experience in the classroom, I believe that both punishment and positive reinforcement are necessary to change behavior. I found that the side opposing punishment tended to have stronger arguments to support their claim. This was due to their use of examples and evidence from the Driscoll (2005) text to support their arguments.",,,,,,,,,,
Async essay,na,na,na,na,47520,na,na,na,na,na,"As I was given the side of defending positive reinforcement in the classroom and going against punishment. There were four distinct arguments on each side, opposing and supporting. I think that those arguments were well made and although there are only two opposing arguments at the time that I am making this, I think that those were a little bit stronger and had better evidence to go along with the arguments. I think that the weakest arguments were those that supported punishment in a way that was describing consequences, which are two different things. There were a few supports that I found to be taken out of context from the textbook on the supporting side, which made me look into the claims that were being made. Every claim was correct, but it was a bit confusing and some quoting did not fit.When I was deciding on how I finally felt, I looked at every piece of evidence that was presented. I was not compelled for my mind to be changed and believe that positive reinforcement is a more effective way to handle some behavior. When coming to this conclusion, I looked through every main point that each argument had and then I canceled out the ones I did not think were strong enough to hold up. ",,,,,,,,,,
Async essay,na,na,na,na,50400,na,na,na,na,na,"I won’t agree or disagree with the statement because it doesn’t provide context. I was given the opposing argument to defend. In theory, positive reinforcement is much better than punishment, but I don’t think it’s always possible in real life. A couple of the stronger arguments for punishment being better than positive reinforcement used immediate behavior modification due to safety as the main reason for its use. I agree with this parameter. One of my classmates used the example of having a student flip a desk in her presence, and she sent him to the principal’s office. She used his removal as the punishment. That’s exactly what I would have done in that context. 49753’s pro-punishment debate was exceptional because she distinguished between overall behavior and bad behavior, pointing out that positive reinforcement doesn’t modify bad or unwanted behavior. She also cited statements to support her argument. I don’t agree precisely with this point because I don’t think all bad behavior should be modified with punishment. A weaker and more heartbreaking argument a classmate took to support the statement was that public punishment embarrasses the child, and therefore the child won’t do it again. I disagree with this rationale. Shame should never play a part in behavior modification. Another weak argument a classmate argued is that negative effects are more memorable than positive effects. That is not my experience. Positive reinforcement has the potential to foster connection. Connection is always more memorable. I agree that all unsafe behavior should be modified immediately with punishment (negative or positive). Other than that, positive reinforcement is better. The context dictates what is appropriate. ",,,,,,,,,,
Async essay,na,na,na,na,35382,na,na,na,na,na,"In all, there were 26 posts in support of punishment and 20 against. I don’t think the answer for this topic, or any topic, can be all one way or another. There are good points and bad points in both camps. The weakest arguments were the personal anecdotes. Everyone’s situation is different, and learning via punishment or positive beneficial reinforcement can be affected by the subject, student, and teacher/adult. Using the evidence of one child or a single experience should be summarily dismissed as supporting their argument. Evidence should require many data points. This works for both sides of this argument. In the end, I believe that both positions are inherently flawed. The best solution includes features of both. Punishment is great for quick, and short-lasting, fixes. Positive beneficial reinforcement takes a considerable amount of energy and time. They must be used in conjunction to maximize results. As mentioned in many posts, there will always be a situation in which one method works better than the other. However, those are very specific circumstances. Personalized learning wouldn’t be a concept if the act of learning could be a cookie-cutter experience. In that vein, is the responsibility of the person in charge of the learning process to make the adjustments necessary to ensure that the positive or negative reinforcement used to enact behavioral change is what works best for the student.",,,,,,,,,,
Async essay,na,na,na,na,67222,na,na,na,na,na,"After defending my side of the argument and reading my other classmates opposing viewpoints I would say that positive reinforcement is better than punishment. While I do believe positive reinforcement is better, the cases built for punishment did have some good information in them. I found it difficult at times to counter my peers who disagreed with me because they had multiple sources quoted and referenced that supported their argument. I feel as though both sides had good arguments so it is hard to say who did a better job defending their stance. Each side used references and presented their argument in a way that was beneficial and highlighted the good parts of their position of punishment versus positive reinforcement. Going back to the side I agree with, I think positive reinforcement is better because of the new research being done on it. Punishment used to be the way to control a classroom but we have learned that this is not the best for long-term classroom management. While punishment can work it can only work in very specific scenarios and in a very short time frame for certain individuals. Positive Reinforcement on the other hand can work on all students even if they are not directly involved. Just by watching others receive a reward for a positive behavior others are encouraged to act that way as well. Positive reinforcement also fosters a better overall environment. There is more peace and order when positive reinforcement is used because the vibe of the room goes from drawing attention to negative behaviors that are unwanted to positive behaviors that are desired. ",,,,,,,,,,
Async essay,na,na,na,na,43179,na,na,na,na,na,"Going into the debate, I had reservations about supporting the statement, ""Punishment is more effective than positive reinforcement as a method for changing behavior."" I feel those who had the task to approve punishment as the best behavioral modification tool had to show more evidence because it intuitively does not seem fair or right. I think the argument of punishment being the oldest and most common form of discipline is a weak argument for it being unheld as a more effective correction device. Just because a feature in society has existed across many generations and spans various cultures, it does not inherently mean that operant conditioning is a conducive way to change actions. I also thought that while positive reinforcement, such as a reward, could help establish beneficial habits, what happens if the student does not receive that reward? Will they resort to continuing previous nonproductive behaviors? The instructor should have a balanced and nuanced approach to behavioral modification techniques in the learning environment. Students do not perform at the same academic level as each other, and depending on home environments, they may have other stressors or negative examples of appropriate interaction with others. The approach for encouraging growth and development for one student means encouraging their behavior. Another student displays behaviors they need to cease and have things taken to discourage continuing their current ways. All students, especially in their early childhood years, have off days where they are more snippy and may act out; this is when a precedent can start that it is not fair to lash out or transfer aggression toward others by taking away some of their playtime for a timeout. But when students bring their homework on time, or maybe they help another student tie their shoes, they can get a gold star. ",,,,,,,,,,
Async essay,na,na,na,na,8036,na,na,na,na,na,"Punishment vs positive reinforcement is a controversial topic, with some arguing that it is an effective way to change behavior, while others argue that it is ineffective. During this debate I did not see a clear winner because a few of the arguments were not clear in support or opposition. The support for punishment had many arguments, however, some from the opposition, like 37229, had strong points for positive reinforcement. I would throw out the argument 35382 presented that “punishment seems to be considered positive reinforcement” because it invalidates the argument for the opposition. In addition, it was challenging to complete the analysis because of the format used and having to go back and forth reading through the posts. I did not have a solid strategy besides counting the number of arguments for each side and analyzing the points made. There are a number of reasons why punishment may be effective in changing behavior. It can create an association between the unwanted behavior and a negative consequence. This can help individuals to learn that certain behaviors are unacceptable and will result in negative consequences. It can also be used to deter dangerous behaviors as well as teach children about right and wrong. For example, if a child hits another child, a parent may punish the child to teach them that hitting is wrong. It is important to note that punishment should not be the only method used to change behavior. Positive reinforcement should also be used to promote desired behaviors. When punishment is used, it should be done in a fair and consistent manner. Excessive punishment can be harmful to children and can lead to negative consequences such as aggression, anxiety, and depression. Here are some examples of how punishment can be used effectively: A parent may give their child a time-out for hitting their sibling. A teacher may give a student detention for skipping class. In each of these examples, the punishment is fair, consistent, and intended to deter the unwanted behavior. Punishment can be an effective way to change behavior, but it should only be used as a last resort. ",,,,,,,,,,
Async essay,na,na,na,na,40519,na,na,na,na,na,"Based on the debate and thorough examination of arguments on both sides, my final position on the prompt “Punishment is more effective than positive reinforcement as a method for changing behavior” is more neutral than when the debate began. I started by supporting the initial prompt, mainly citing child safety and encouraging students to develop self-correcting behaviors. Many of the other supporting members in the debate cited similar reasons, with a commonly shared reason being that negative behavior is more likely to reoccur if positive reinforcement is used over punishment. Positive reinforcement cannot always be applied immediately, unlike punishments, which can make the reinforcement less effective. Similarly, a few supporters stated that positive reinforcements could have negative consequences on the student's understanding of appropriate behaviors. One stance I took along these lines was a student whining and vying for attention from an adult and the adult feeding into the whining behavior. Each time the adult gives the student attention, it reaffirms the negative behavior in that student that whining is the best way to get attention.  One of the strongest arguments opposing the prompt was by 37229 who quoted Thorndike’s Law of Effect which supports the idea that positive rewards reinforce positive behavior. 37229 continued her debate statement by saying punishment may have adverse effects on a person's mental and physical well-being, which could, in turn, become learned helplessness. While I started in support of punishments over positive reinforcement, learning about the negative consequences some students have on students encouraged me to change my stance on the prompt. I support the fair and equal use of both punishments and positive reinforcements when attempting to change someone's behavior. There are pros and cons to both punishments and reinforcements. When done well, punishments will be a quick and effective method to discouraging negative and unsafe behaviors while positive reinforcements will support students in making and continuing positive and safe behaviors. I honestly weighed the pros and cons of each method of behavior management based on the debate and found an even amount of arguments for both sides. ",,,,,,,,,,
Async essay,na,na,na,na,59488,na,na,na,na,na,"The proponents of this debate argued that punishment may be more effective for certain types of behavior. Punishment, for example, may be more effective for dangerous or harmful behaviors, whereas positive reinforcement may be more effective for desirable but non-emergency behaviors. Punishment can be used to establish clear limits and expectations. People are more likely to change their behavior when they are aware of which behaviors are seriously unacceptable. Arguments include that when it comes to risky behaviors, punishment is more effective than positive reinforcement; opponents argue that positive reinforcement is more effective than punishment in the long term, and punishment can have serious health consequences. The most powerful argument advanced by the support side is that when danger is imminent, punishment is effective in the face of short-term behavior; the most powerful argument advanced by the opposition side is that the guidance and role model of positive behavior is long-term, so positive reinforcement is more effective in terms of effectiveness. The opposing side refuted that punishment would cause psychological, mental, and physical harm; the supporting side refuted that positive reinforcement can’t stop undesired behavior that requires quick action. I am neutral on the position in this debate. I believe that both punishment and positive reinforcement have significant effects in education. For different situations, different reinforcement methods are used. To determine which strategy is more effective for behavior, evaluate the situation and characteristics of learners at the time; the condition for positive reinforcement to work is that people expect to be rewarded and place a high value on rewards (Dr. Driscoll, p65); punishment is used in emergency or short-term behaviors. Long-term punishment strategies, however, cause psychological and physical harm to learners. A long history of punishment can be physically or psychologically damaging. The phenomenon of learned helplessness may occur, especially when aversive stimuli cannot be avoided or avoided. (Dr. Driscoll, p41).",,,,,,,,,,
Async essay,na,na,na,na,42489,na,na,na,na,na,"After reviewing the arguments on both sides of the claim, I formed my final position to agree with the claim that punishment is more effective than positive reinforcement as a method for changing behavior. Before reading the arguments, I would have been at a neutral position seeing that reinforcement and punishment are more efficient in specific situations. There are certain scenarios where reinforcement is a better procedure to use rather than punishment, and vice versa. Forming a final position using the arguments in the debate, ultimately led me to agree with the claim. My final position was based on the following premises: number of arguments, who presented stronger arguments, who presented the weakest arguments, and weighing qualitative responses. The supporting team had more distinct arguments and posts to support the claim with points such as the advantages that punishment has over positive reinforcement, punishment is quick and immediate in reducing the undesirable behavior, the concept of positive reinforcement only working if the reward is desired and valued, and that punishment should be coupled with reasoning and not viewed as harsh and embarrassing. The opposing team argued that positive reinforcement is a long-term approach to changing behavior, punishment ruins the self-esteem of the learner, and punishment is embarrassing and leads to anger and resentment. The stronger arguments were presented by the supporting group as they included several pieces of evidence from the Driscoll text and other sources such as American Journal of Industrial and Business Management and American Association of Pediatrics. The weakest arguments were discussed by the opposing group as some individuals provided information that alluded to or supported the effectiveness of punishment. For example, 31035 alludes to the effectiveness of punishment in changing behavior by mentioning that punishment should not be shameful and describes an example of her mom applying positive punishment when saying she will get hit by a car if she does not look both ways before crossing the street. Some other weak arguments included the concept of teachers becoming fatigued from punishing students. There was no evidence provided to support the claim of teacher exhaustion in relation to punishing students. Additionally, punishment is applied immediately and is short-term.  One argument that should be dismissed is when 50400 provides a personal experience on how her child could have benefitted from her “taking a breath and figuring out the root.” This experience is related to more personal feelings and holds no substantial evidence to oppose the claim that punishment is more effective in changing behavior. I also think that fatigue should be dismissed or eliminated as a standpoint for this debate. The argument is that teachers are too tired to punish a student for an inappropriate behavior. If this standpoint is valid, in the same sense teachers should be fatigued from rewarding every individual for all of the desired behaviors they display throughout the entirety of the school day. My final position of agreeing with the claim was dependent upon which side made the most qualitative responses. The supporting group had strong arguments that were backed with evidence from different texts. The opposing team was targeting the possibility of negative side effects occurring from an abusive or harsh form of punishment, rather than punishment that is derived from patience and reason. Other than positive reinforcement being an effective long-term strategy of encouraging desired behaviors, there was no other strong evidence suggesting that it is more effective in changing behavior when compared to punishment.",,,,,,,,,,
Async essay,na,na,na,na,60685,na,na,na,na,na,"My final position on the statement  “Punishment is more effective than positive reinforcement as a method for changing behavior” is that I agree situationally. I think the main takeaway from the points made in the debate is that there are some situations where punishment is the most effective choice, but there were a few situations presented where the introduction of a positive reinforcer did seem to be like the best solution. In general, there did seem to be more situations where punishment was the best option, so that is why I still agree with the statement that it is generally the more effective method. The set up of the debate also contributes to my position on the topic. For most of the debate, the “support” team posted more initial statements supporting the cause, followed by a disagree team member commenting. At the time I am writing this, there are seven “support” threads as opposed to only three “oppose” members that started threads. Overall, it seems as if the support team had more supporting points, as well as stronger points, than the opposing team. Lastly, the phrasing of the oppose team’s arguments seemed to be more similar and generic whereas the support team had a variety of different real life examples of punishment being more effective.",,,,,,,,,,
Async essay,na,na,na,na,64758,na,na,na,na,na,"In regards to the Module 4 debate centered around behaviorist learning, I actually think my final, personal position lies in the middle of the spectrum. I was initially assigned to ""support"" the claim that punishment is more effective then positive reinforcement and posted several times in support of that position. However, my personal views are not as blatantly ""black and white"" so to speak. Within the actual assignment debate, I felt both sides presented compelling arguments, though I found the most convincing ones to be those that pointed to actual references from data in the field of behaviorism, or studies relating to the topic. For example, one peer mentioned research from the American Academy of Pediatrics to support her ""opposing"" claim to the initial statement. Though I don't believe she provided a link to such research, I do think offering research points from a credible source can more so validate an argument. While I think some personal experiences can be useful in providing anecdotal evidence when supporting or denouncing a particular claim, I don't typically sway my beliefs based on others' personal experiences. In terms of an academic or scientific debate especially, I think arguments rooted in personal experiences should be largely dismissed, with the focus instead pointing to peer-reviewed data and studies. I noticed (as of writing this) that the ""supporting"" side seemed to offer more compelling arguments and discussion overall compared to the ""opposing"" side. Several of the opposing side offered many rhetorical questions within their arguments, but didn't always answer them or offer credible support or academic evidence to support such questions. I understand that the intent was likely to have the supporting side to critically think about the questions and answer them, but I think it's pertinent that should a side offer rhetorical questions, they themselves also need to provide answers and supporting evidence to their claims. Should they not, then I think such questions need to be largely dismissed, as I believe in that instance they primarily serve to provoke the other side.",,,,,,,,,,
Async essay,na,na,na,na,63749,na,na,na,na,na,"The statement that we were given this week for debate was “ Punishment is more effective than positive reinforcement as a method for changing behavior.” I disagree with this statement and believe that punishment and positive reinforcement both have their times where they can serve as a more effective method for changing behavior. I saw valid points on both sides of the argument and in general believe that there are times when punishment can serve as a more effective avenue for changing a behavior, while at other times positive reinforcement is a much better method for modifying and bringing about a behavior change. Thus, I did not conclude that punishment is always more effective than positive reinforcement to change behavior. Both sides of the debate gave a solid 2 to 3 original points trying to support their side of the argument and then each side included examples of where they saw punishment/positive reinforcement as more effective (based on personal experience & hypothetical examples). The major ideas of the textbook for this section were mentioned on both sides. One of the stronger arguments for supporting the statement is that punishment can be more effective for immediately discouraging behavior and trying to deter participating in a particular action. In some of the examples given, when trying to immediately discourage unsafe/unwanted behavior, punishment could quickly inform an individual of what is considered inappropriate and encourage them not to do that behavior again. One of the stronger arguments for disagreeing with the above statement is that the use of punishment can have some drawbacks, especially when physical/aggressive and repeated over a long time. Also, it may not reinforce the behavior that should occur instead. ",,,,,,,,,,
Async essay,na,na,na,na,19861,na,na,na,na,na,"I strongly disagree with the debated claim punishment is more effective than positive reinforcement as a method for changing behavior. The strongest argument that was presented on the opposition side was ""While punishment has its place and can be effective for making quick changes in behavior, it can also lead to some unhealthy consequences,"" from 85767. This was strong because she talks about how punishment can be effective but then explains how it can be harmful in the long term. The strongest argument that was presented on the supporting side was, ""Punishment is more effective than positive reinforcement when used/applied immediately to stop behavior,"" by 63749. This was strong because she talks about how there is a quicker outcome with punishment than positive reinforcement. The weakest argument to me was when this example was given in support of punishment, ""Individuals who drive under the influence of alcohol may face imprisonment"", because people are often reoffenders, so the punishment of prison doesn't change their behavior. To come to my conclusion, I just read all of the posts and I felt like I agreed with people who were on the opposition side more. I felt like people on the opposing side of the debate had really great examples of positive reinforcement working better than punishment. I also thought about my own experiences with positive reinforcement and punishment as well. ",,,,,,,,,,
Async essay,na,na,na,na,31035,na,na,na,na,na,"The peers that advocated for punishment focused mostly on quickly changing behaviors, as well as making sure to clearly communicate what the correct behavior should be. We seemed to come to a consensus that if punishment were to be used, it needed to be used with better communication, least learned helplessness rear its head. They also talked about the emotion of the punishment staying with the learner for longer. I really liked that they talked about how punishment allows students to learn from the consequences of their actions, which allows circumstance to be a teacher. However, the timeline of keeping punishment going for each offense, as well as the potential emotional trauma of punishment done poorly was a danger. Peers who advocated for positive reinforcement focused on the good feelings experienced by the learner, as well as how, by nature, positive reinforcement pinpointed the actual expected behavior, rather than leaving it up to guesswork. Positive reinforcement does take longer to implement, as learners do need to pick up the reinforcement schedule. Positive reinforcement is also easier to implement on a variable schedule. Learners, once they know the correct behavior, can be variably rewarded. This contrasts with punishment where, when a “bad” behavior is not discouraged each time, the hard-headed (I’m thinking about my dog) will just learn that they can sometimes get away with the action. I think what struck me most was that most of my peers seemed to take “punishment” in the colloquial sense of the word, not the operant conditioning sense of the word. “Punishment” in operant conditioning refers to merely discouraging a behavior. I think they understood punishment in the dictionary version, which is “the infliction or imposition of a penalty as retribution for an offense.” This is not what punishment is, at least as far as I understand it to be. My understanding of operant conditioning comes from a non-educational psychology background, so it might be slightly different in education. This more describes my own understanding of what punishment is: REINFORCEMENT AND PUNISHMENT. My final thoughts on the debate are neutral–meaning that I believe that both punishment and reinforcement (positive or negative) have a place in learning behavior, so long as they are done well (punishment, especially). This is the view that I held before, from prior learning on operant conditioning. This is a boring conclusion to arrive at, but I did enjoy reading what my peers had to say about both sides! They all did a great job of supporting their assigned position and I had a lot to think about after I read their discussions!",,,,,,,,,,
Async essay,na,na,na,na,37229,na,na,na,na,na,"Punishment is more effective than positive reinforcement as a method for changing behavior. Team Assigned: OPPOSING. For this assignment, I was tasked to gather information and evidence to oppose the statement above, meaning I would provide a stance supporting that positive reinforcement is more effective than punishment for changing behavior. After the debate has finished, I would say that my final position and viewpoint on the debated claim is disagree. As I was reading through the Driscoll chapter on the behaviorist theories and roots of behavior, I came across countless arguments supporting the use of positive reinforcement and refuting punishment as an effective use of changing behavior not only because of its adverse effects on mental and physical health of individuals, but also because of its lack of effectiveness. As for the online forum debate, there seemed to be more evidence backed arguments opposing the statement, and students who supported all seemed to be making the same point repeatedly, pulling from same evidence pools and unable to give anything else to support the statement. The main argument from the support team was that punishment can be used immediately after an adverse behavior is performed, where positive reinforcement takes time to implement in discouraging a certain behavior. This point made was the main reason as to why my final position is disagree rather than strongly disagree. I don’t believe anyone in the forum made any points that should be disregarded as all of them were backed with substantial evidence. I believe that my teammates and I’s points were more strongly stated and the evidence provides more support for opposing the above statement.",,,,,,,,,,
Async modality,na,na,na,na,85767,na,na,na,na,na,na,,,,,,,,,,
Async modality,na,na,na,na,5259,na,na,na,na,na,na,,,,,,,,,,
Async modality,na,na,na,na,60407,na,na,na,na,na,"So, I enjoy both the overall ideas and the technical aspects of debate. I feel like I used by debate judging experience to help evaluate the arguments by weighing the evidence against each other to see which one seemed most impactful. But, it seemed like much of the debate allowed for gray areas, and that was ultimately where I ended up. It was difficult for me to follow threads in the debate because I felt like the same arguments happened in a few different places and the responses would be in different places. The ideas never fully got developed because they did not interact with one another fully. But, I think that is partially the nature of an online, asynchronous debate. I wonder if all OPPOSE argument in one thread and all SUPPORT arguments in a second thread might have made the debate more cohesive?",,,,,,,,,,
Async modality,na,na,na,na,49753,na,na,na,na,na,I prefer to use zoom when having class discussions or debates. I feel like it is a better opportunity to engage with more classmates and hear more opinions.,,,,,,,,,,
Async modality,na,na,na,na,47520,na,na,na,na,na,"I am not typically a fan of discussion forums, but so far these have been very engaging and a great application of our knowledge.",,,,,,,,,,
Async modality,na,na,na,na,50400,na,na,na,na,na,I don’t have a negative or positive overall opinion regarding using the online forum for debate other than it was a lot of clicking back and forth to remember how many people I responded to.,,,,,,,,,,
Async modality,na,na,na,na,35382,na,na,na,na,na,I do like online discussions as long as everyone is invested in making good points and posts.,,,,,,,,,,
Async modality,na,na,na,na,67222,na,na,na,na,na,I think online forums for debates are good. It allows students to say what they want without being embarrassed to speak up and you are able to gather and collect your thoughts better and more efficiently.,,,,,,,,,,
Async modality,na,na,na,na,43179,na,na,na,na,na,I enjoy the online discussions because it is a format where communication is not spontaneous and can have editing.,,,,,,,,,,
Async modality,na,na,na,na,8036,na,na,na,na,na,na,,,,,,,,,,
Async modality,na,na,na,na,40519,na,na,na,na,na,"Using online forums is a great way to boost classroom participation, but for a debate like this, I don't believe it's the best. Many people leave the bulk of their assignments to the last day or two which heavily limits the ability to have a healthy debate. If there was a more active method or interface that would encourage communication in a timely manner, I think the debate would have been more effective. This activity felt more like a forum post than a debate.",,,,,,,,,,
Async modality,na,na,na,na,59488,na,na,na,na,na,"My first experience with an online forum as a debate was very interesting. I have been assigned a support side. Even if it was not my actual personal view, I needed to try to persuade the other myself. I am thrilled to have the opportunity to participate in this type of personalized learning.",,,,,,,,,,
Async modality,na,na,na,na,42489,na,na,na,na,na,"Personally, I believe the online forums can serve as an effective tool for debating in this class. The only downside to using the forums for debate is how time-consuming it can be to read each response and type out your own responses to varying arguments. I am interested to see the other technological tools that we will use for debate in this course!",,,,,,,,,,
Async modality,na,na,na,na,60685,na,na,na,na,na,I think student lead discussion forums are one of the best ways to enhance student engagement in online classes that I have experienced so far.,,,,,,,,,,
Async modality,na,na,na,na,64758,na,na,na,na,na,"I've always greatly enjoyed online courses, and find the use of online forums particularly useful, especially for debates. I think it inherently allows for a controlled, friendly environment where everyone can feel comfortable discussing various topics, as they're not obligated to debate face-to-face, which some may find uncomfortable. Additionally, having a written record of the debate as it's happening allows for clearer understanding and referencing for all parities.",,,,,,,,,,
Async modality,na,na,na,na,63749,na,na,na,na,na,na,,,,,,,,,,
Async modality,na,na,na,na,19861,na,na,na,na,na,I think online forums were a good way to debate. Especially for people who are shy and may not want to speak up in a debate on Zoom.,,,,,,,,,,
Async modality,na,na,na,na,31035,na,na,na,na,na,"The debates read a little bit like a wall of text, so I became overwhelmed. I also ended up just waiting until the last minute to read through everything because I knew that I would have to wait until the end of the week for anyone to respond to me, and by then I would have lost the thread of the conversation. Note: I think I am biased because I just personally don’t like debates. I would rather read my classmates' thoughts on both sides of the argument and then maybe submit a ven diagram that combines all of the pros and cons we have all discovered.",,,,,,,,,,
Async modality,na,na,na,na,37229,na,na,na,na,na,I actually really enjoyed the format of the online forum debate for this assignment. It was different than anything else I have experienced for assignments in my previous online courses and made me think and interact with this week’s content in a more involved and interested way than what I’m used to. Thank you for the creativity in this assignment!,,,,,,,,,,
Sync,1,na,na,na,1,na,2023-09-27,0:00:01,na,na,"Okay I hit the record button. good to see you all again. So we're not going to start with introductions. And you know, we all like you all have been in a few forums already. And so we're gonna get right into the debate. So today's prompt, is learning can be best understood by studying the internal processes within the mind. Learning can be best understood by studying the internal processes within the mind. Right? The expectation is to make 5 statements can be opening statement, or you could jump in any time. So I will ask the supporting team to start first. Okay, and start making your case. And sometime in between, I have one video I have to play. So this is one of our students who I mentioned. You know, 5259 has class today, so she couldn't be here. So when the opposing team when it's yet at some point, you know I will. I have it pulled open. So I should remember to play that. Okay, go ahead. And my role is, I'm just going to listen. And I'm opening and closing my goal is not to interrupt. Okay, to let you all talk to each other.",,,,,,,,,,
Sync,1,na,na,na,60407,1,2023-09-27,0:01:29,na,na,"So I guess I can go ahead. So to me, I'm on the supporting team. And when I saw this ""learning can be best understood by setting the internal processes within the mind""... I've been, I'm working as a digital learning coach now, but I've been an English language arts teacher for most of my career. And so if any of you guys are following what's happening with English Language Arts, the science of reading, right? The science of reading is talking about really thinking about what's happening inside the mind. When a child is learning to read, and about the schema that live in the mind and are produced in the mind. So the child can access this in order to create meaning, in order to build fluency, in order to build prosody, in order to build all of those skills that allow us to become fluent readers and allow us to then engage with text in a meaningful way where we can then begin to build comprehension. And you know, there's long been a couple of different schools of thought about reading that were very, very different camps. And now all the science is starting to line up behind this idea that we really do need to look at cognitive processes to really understand how children begin to learn to read, and how we can kind of build those skills over time for them.",,,,,,,,,,
Sync,1,na,na,na,43179,1,2023-09-27,0:02:49,na,na,"Hello, my name is 43179, and I also am currently working with someone, not as a teacher, but as a tutor, for a student with ELA and reading comprehension. And what I've noticed is that, in that process of teaching them how to have better reading comprehension, it's good to teach them context clues and learn how to use what they already know to better understand what new information is being presented to them. So I like to cue my student whenever he is reading something but he doesn't really know the word. So, for example, if there was a phrase that said ""establishing unique mechanisms"" but he didn't know the word ""mechanisms"", I would just kind of reread the ""establishing unique"", and then I would ask him to reread that, and try to help him use what he already knows about what we've read, to get him to understand that word more clearly.",,,,,,,,,,
Sync,1,na,na,na,8036,1,2023-09-27,0:04:10,na,na,"I would like to argue in opposition of the statement, ""learning can be best understood by studying the internal processes within the mind,"" because I believe that learning is influenced by a variety of factors, such as the environment, culture, interaction among learners. As an elementary school teacher, this is something I see in action daily. Also, I like to say that we cannot say, or we should not say learning is fully understood by studying just the mind. Because you, having been a student, being in the classroom, whether you were in elementary school, high school, in college, or if you're an educator, you would notice that we look at all the things around in the environment, and what the learner associates with that is influencing all of the learning. So one of the social factors I have seen is that students learn from each other through collaboration, working in groups, working with a peer and so on in the classroom.",,,,,,,,,,
Sync,1,na,na,na,31035,8036,2023-09-27,0:05:15,na,na,"I'd also like to add to that. I'm on the opposing team as well. I think the prime example of the opposing viewpoint is the fact that that's not how we learned about learning naturally. If you think about it, when we started this class, we started off learning about behaviorism. And then after that, we moved on to cognition. And then we're gonna move on to other things. So the best way that we have learned about learning so far is by combining all of them. It's not to say that cognition is not important to learn about. I just think, I guess my my pickiness comes from the word the ""best"" way, because the way that we have learned about learning is by combining all of the things. So all of the things that you bring up about, learning with cognition and stuff like that is super important. We have to know how the brain works, how the intricacies of what's happening. But we'd be denying ourselves the whole plethora of knowledge or other sorts of data if we don't pay attention to things like... I bring up behaviorism because that's what we learned about last time, but behaviorism in general, or the social aspect of things, you know. So ""the best"" is is the word that I take issue with.",,,,,,,,,,
Sync,1,na,na,na,85767,1,2023-09-27,0:06:27,na,na,"I'd also like to jump in on the opposing side. Every mind is is unique. While we might be able to pick up on patterns that occur in the learning process. Not every mind operates in in the exact same schema or order. And also the environment does happen to affect all sorts of learning. And finally, it is hard to self-report when you are discussing what or how you're thinking about something. It isn't always accurate. And so, while I do think that the patterns are important and they can inform the way we teach and educate people, it isn't a hard and fast rule. I think we have to be play a little bit loose with it, just because some  others are not wired the same way.",,,,,,,,,,
Sync,1,na,na,na,50400,85767,2023-09-27,0:07:33,na,na,"I wanted to jump in on what you said just because it was real. I'm on the opposing team, so I'm really gonna dig in here as if this is my opinion. So I'm gonna dig in. I loved how you just said about everybody learns uniquely, and how could you self report that? Not only how can you self report that, but how could any survey or test report that? Especially when right now, funding is so limited. So yes, we want to do these deep dives and figure out how people are learning. But empirical data? There's nothing that beats that. You're gonna be able to shape the environment to what the empirical data is showing us. So if I were to lean into this argument, definitely the word ""best"" is what I circled as well. That's one of my points.",,,,,,,,,,
Sync,1,na,na,na,50400,31035,2023-09-27,0:07:33,na,na,,,,,,,,,,,
Sync,1,na,na,na,47520,50400,2023-09-27,0:08:31,na,na,"Yeah, to build off that. I'm also on the opposing side. ""Best"" was also just like, I think, for everyone, I guess, was just the word that kind of set me off, because that's just not true, at least for what I know personally about learning. So some of the points that I just thought about were: The internal process of the mind can help you learn about how a student may may learn, but behavior, like liking a teacher and your relationship with your teacher, can make learning happen even when the student has difficulty in the topic before. So for some students, that is more important, like a relationship with their teacher. Which goes along with behavior. I believe is more important even than studying the internal processes of the mind.",,,,,,,,,,
Sync,1,na,na,na,35382,8036,2023-09-27,0:09:28,na,na,"I've been trying to get on this train since the first person on the opposed team went, and I feel like we're piling it on the support. But I'm also on the opposed side, and I we I think we all agree as...Obi-Wan Kenobi said it best, you know, ""Only Siths deal in absolutes."" So when you say words like ""best"" or ""worst"", it always has to be taken a little bit oddly, because you can't say ""best"" or ""worse"", because those are so individualized. I  would like to say that, as a Latin teacher currently, cognitivism is my bread and butter when it comes to vocabulary. Because that is recognition, it is recall. But I can never divorce it from the other parts of learning, especially the social aspects. So to say, it's the ""best,"" the ""best"" way is never going to work. It has to be, as we're exploring these different modalities, there's going to have to be these different ways. That learning will be supported and enhanced, and cognition and the internal process is never going to be the best way to really explore learning.",,,,,,,,,,
Sync,1,na,na,na,43179,1,2023-09-27,0:10:55,na,na,"I support the statement. Learning can be best understood by studying the internal processes within the mind. And after looking at an article by Cornerstone University, which is called, ""What are multiple intelligences and how do they affect learning?"", I realized that cognitivism is also related to understanding how students can have individualized learning and how that's important, because different students learn differently according to like. whether they're more visual or they might have an aptitude towards science and math. So it's important to address the needs of all students and how they might approach learning differently.",,,,,,,,,,
Sync,1,na,na,na,49753,43179,2023-09-27,0:11:49,na,na,"So I agree that what with what you just said, 43179, that we need to understand, like the different ways that students learn to help them. But I'm on the the support side of the debate, so I do think that understanding the internal processes can help us a lot with knowing how our students learn. If I know how they think, and I know how they're memorizing information, even if my students learn in different ways, by knowing how they're processing everything and how their brains work I can help them be more successful in my classroom.",,,,,,,,,,
Sync,1,na,na,na,42489,49753,2023-09-27,0:12:24,na,na,"Hey, 49753. I'm gonna add some information to what you just said. I'm on the support side. In addition to kinda understanding their memory and how they process information. Also their attention. If you can grab their attention in the classroom, you can kind of create that student engagement where they're involved in your lesson, and they tend to learn more information.",,,,,,,,,,
Sync,1,na,na,na,31035,42489,2023-09-27,0:12:44,na,na,"I'd like to add on to that, but from the opposing side. I think it's really important that you get students to...how you grab their attention, stuff like that. One of the ways that you can grab students' attention doesn't just need to be limited to cognitivism. As an instructional designer, I do a whole bunch of universal design for learning and a lot of that actually comes down to like one of the networks that you use...I can't remember its official title, but it's ways for student buy in comes from connecting it back to something that is important to them. And usually what's important to a student ends up being within their social cultural influences. So if you allow students to pick. Like, ""hey, you need to learn about..."" like, my dad is a professor of non-profits. He allows students to pick a non-profit that they want to study, something that is important to them. So he's able to get student engagement, not necessarily by catching their attention, but by letting them direct their own attention to something that is important to them. So I agree with you. but it can also be applied to social cognitivism as well or social cultural as well.",,,,,,,,,,
Sync,1,na,na,na,8036,1,2023-09-27,0:14:03,na,na,"I'd like to jump in here because we mostly talked about learning as it relates to students. But to say that Driscoll argues that learning is a situated activity, meaning that it's embedded in the context in which it takes place. So whether it's inside a classroom, a workplace, or a community. Because we're all learners whether or not we're students. So I'm still in opposition, but just saying that it takes place outside of a student role as well.",,,,,,,,,,
Sync,1,na,na,na,50400,8036,2023-09-27,0:14:35,na,na,"I was gonna bring up... I'm glad that you said that because one of my notes I took was from page 39 of our book, where we talk about where people talks about the Premack principle. As a parent, I do it all the time. So yeah,""Learning can be best understood by setting the internal process within the mind?"" Well, not whenwhen you're trying to get your kid to do something, to me. It is that idea of that packaging, ""Hey, if you get this done, you can do this."" For example, my little kindergartener now knows you know he can't come in to talk to us until he hangs up his backpack, or whatever. And these sort of little things, it's learning. I don't care what's going on in his little mind. We're just getting our patterns. So those patterns really are very helpful for the learning. And again, I'm digging into the opposed side, because that's what I was given.",,,,,,,,,,
Sync,1,na,na,na,1,na,2023-09-27,0:15:40,na,na,"I'm going to stop us for a minute. I think almost everybody's made an opening statement, 67222. I saw you trying to talk a few times. So I'll give you a chance. And then I want to play 5259's video.",,,,,,,,,,
Sync,1,na,na,na,67222,31035,2023-09-27,0:15:55,na,na,"Okay, yeah, kind of I'm on the opposing side as well. Kind of backtracking to what some other people have said. The term ""the best"" I think, is what makes it difficult, because how do we know what is the best when a lot of the like behaviorism versus cognitiveism viewpoints disagree with each other. So if there's disagreement within the discipline of the learning process and the internal processes of the mind, how do we know which one to follow? And also I think when we're teaching children or students, we should choose, instead of prescribing to a specific principle, making the instruction more individualized. Because there are gonna be students that have learning disabilities or intellectual disabilities that make learning very much more difficult for them than just a baseline student. So really focusing on an individualized education, and what works best for each student, instead of picking an overarching process to teach under.",,,,,,,,,,
Sync,1,na,na,na,1,na,2023-09-27,0:17:05,na,na,"Thank you. And give me one minute, I'm gonna share my screen so  you all can see this video.",,,,,,,,,,
Sync,1,na,na,na,5259,1,2023-09-27,0:17:14,na,na,"This week, I was assigned to oppose the following statement, that ""learning can be best understood by studying the internal processes within the mind."" So while I do think that studying internal processes within the mind can be a great indicator of learning, there are limitations to this method. There are also so many other factors that are great indicators of understanding learning. For example, a great indicator of learning is through situated cognition. This is the theoretical framework that external factors, such as the environment and context in which learning takes place, shapes the learning process. According to Driscoll, the results of learning are to be explained through inputs largely external to the learner. Learning via situated situated activity has its central definite characteristics, a process called legitimate peripheral participation. And this process is the way a newcomer to a community of practice develops a sense of community, how a learner engages in the activities' socio-cultural practice and becomes increasingly competent in this practice. So in this FIT framework, learning is established by how much learner actively engaged in the learning process collaborates with others. Since we are social beings, we have meaningful interactions with the world we live in based on everything we have learned. And this can be done through observation, for example. In addition, another great way to understand learning is looking at it through the social learning theory lens. So there are external factors that make effective indicators for learning. For example, through observational learning, students can watch and imitate others' actions. then they will understand and be able to model this behavior themselves. So, for example, a student teacher spends the semester observing how an experienced teacher runs a classroom. This includes how they deliver instruction, interact with students and implement classroom management strategies. Once the same teacher graduates and has their own classroom of students, they are likely to implement similar strategies from the teacher they observed. The student teacher learns what works well, thus modeling those behaviors themselves. Another way to understand learning is through the behaviorism lens. In this theory learning is made through the establishment of an association between stimulus and responses to it. And it can be observable whether a learners make association between the two. This is another great indicator of learning. So while studying internal processes in the mind can give us great insight into learning, it is important to take into account other ways to get insight. External factors are observable and measurable. So, taking account into a workers might just one factor, many to consider factors such as the environment, social interactions and cultural norms are considered. External factors can give us insight into the learning, based on one's environment, culture, etc.",,,,,,,,,,
Sync,1,na,na,na,1,na,2023-09-27,0:20:16,na,na,"Okay, you were all able to hear. Right? Okay, go ahead. You can continue on. If anybody wants to respond to 5259 or to 67222 who made the points at the end.",,,,,,,,,,
Sync,1,na,na,na,43179,1,2023-09-27,0:20:32,na,na,"So I support the statement about learning being internal. So consequently I oppose the idea that we should only focus on the external features of the mind and learning. And, according to the textbook Chapter 3, page 76, it talks about how knowledge and information is stored, and then it's processed, and then you have to encode the information, and then you're able to store it for later use. I believe, understanding that and knowing that the mind can only prioritize a certain amount of information at a time, it's good to realize that you can't cram information. You have to, little by little, give the information and take into account children can't focus for the same amount of time. So in a lesson with younger children, you wouldn't want to have an hour with no break. You want to make sure you give them plenty of time to have a break so that they can continue to focus.",,,,,,,,,,
Sync,1,na,na,na,49753,43179,2023-09-27,0:21:49,na,na,"I like what you said about the kids not being able to focus for extended periods of time. When I was going through my teacher education program, they told us not to lecture for more than 30min because kids just can't hang on that long. But I think, understanding the internal processes, and how of how students memorize this information can help us when we are creating lessons and delivery instruction. Because if we know how long things take to get out of our working memory and into our long-term memory, it could help us benefit our students by providing them the instruction that they need.",,,,,,,,,,
Sync,1,na,na,na,85767,49753,2023-09-27,0:22:26,na,na,"I think in an opposing view of what you're talking about, I think it's been been shown that attention spans have changed throughout different periods of time, due to different environmental inputs. Like social media, shorter videos, not having to wait for commercials, smaller amounts of text. So to that point, where I do agree that we can pick up on patterns, I do think that external environment does impact our learners' ability to organize information in their processes. But also just thinking about cognitive structure: In Chapter 4, talking about cognitive organization of the learner, you know, I think that if a learner has been brought up in a reasonably safe and calm environment where processes are understood and logic is learned, that's a really wonderful thing. But a lot of our students have environmental factors like ACEs (adverse childhood experiences) that cause their cognitive organization to be completely disorganized. And so I think that, in opposition, we have to think about the percentages of children and or adults in our in our cohorts that are dealing with those kind of disorganizing factors.",,,,,,,,,,
Sync,1,na,na,na,60407,85767,2023-09-27,0:24:16,na,na,"And I think it's interesting, because in support, I would say that that's why it's even more imperative that we understand some of the internal processes that the mind is using, even when those vary, and even when they adapt in response to environmental factors. So cognitive processes are shifting. And we use imaging... cognitive psychology uses medical science to help support some of this empirical analysis of what's actually happening in the brain. The example I use with with the science of reading: They can identify centers of the brain that happen, that you are used in different parts of the active reading. So we can identify what centers these are, and even in a student that has ACEs. We've learned about ACEs, and some of these things, of how the brain shifts and adapts in response to these things. And so understanding the cognition behind it and those in internal processes is one of the best ways for us to understand how learning works, not necessarily how learning can be activated in the classroom. But the prompt said we're studying how it can be best understood. ""The learning can be best understood by studying the internal processes of the mind."" So to me, the prompt doesn't say, ""how can learning conditions best be created?"". It's how can we understand how learning happens in a learner's, mind. So for me, student and learner are kind of like interchangeable, because it's someone who's taking on the role of of taking in the knowledge.",,,,,,,,,,
Sync,1,na,na,na,35382,60407,2023-09-27,0:25:45,na,na,"I wanna step in one past what you just said. Because I agree that if we can remove external factors, and if we can have a room of similarly motivated students with nothing hampering them, yes. Looking at the internal process of of their own mind would give us the best insight to how learning happens. I don't think that we're arguing with that. But I think that those addendums to this prompt are necessary. Saying that learning is the best way, or learning is best understood this way without external factors, without these. Then I think you are correct to say that. But even in your own speech, as you were talking, you said it's one of the best ways. And I think supporting this position is very hard because it is an absolute term that we're saying, and there are multiple theories of learning. And I don't think that you can ever divorce learning from any of these multiple ways of studying it. So I agree that if we could remove these external, these social, these cultural aspects in studying the mind, that internal process is the best way to do that. And to, I think, a couple of people ago I was talking what what Driscoll said in page 76, at the beginning of chapter 3, about encoding and all that internal process. But then Driscoll does go on to say a couple of pages later...or I mean, there's 200 pages of reading, so I can't tell you exactly, remember where I read this...but it was also very important to understand where that learning was happening, because that effects the recall. Even in the continued conversation, those external factors could never be removed from understanding those internal processes.",,,,,,,,,,
Sync,1,na,na,na,35382,43179,2023-09-27,0:25:45,na,na,,,,,,,,,,,
Sync,1,na,na,na,31035,35382,2023-09-27,0:27:41,na,na,"That's kind of what I raised my hand to say earlier. My background is in environmental science, so I'm always looking for bias, bias, bias. So this stuff that you learn? It's all good and well to understand how they're learning it. But, you're not understanding fully what and how a student is learning if you're ignoring the the things that they're learning. I'm doing a bad job of explaining the point that I'm trying to make. But all these things get encoded. Like we read in the textbook, there's the input, there's the short-term memory. All of that stuff is happening. But you'll never fully understand why a student is learning those things, or why those are the things that are getting encoded, why those are the things being taken in. And you'll never understand the full... what's the word that I'm looking for? You will understand what is in the brain, but not why it got in there, how it got in there. You could say, ""Wow, this student is very good at learning because they're their insights are working real nice,"" but there's a whole depth and breadth of things outside of the things that they're learning, that they're just missing. So the reason that I bring this up is we had to do a huge thing about pop science, where people were learning all of this information. And they were processing it really good. And it turns out that they were just learning the wrong things. So it's not a holistic approach to just study what's happening here. I think that's my final point.",,,,,,,,,,
Sync,1,na,na,na,50400,1,2023-09-27,0:29:24,na,na,"I work as a training content developer, and I work with adults. So I just wanted to point out an example of real life, and how I don't care what...Of course, I always care about what's going on in people's mind. But I remember we released this course, and it was supposed to be done in one day, 24h. And it was for these service providers, and it had to do with emotional intelligence. I remember we did not have a lot of engagement in the course, and you could tell. I purposely made it where they can skip through the slides, and I could see that data, because I don't want to hold anybody hostage on their slides. So I let them move it along. And after it was done and we looked at the analytics, I was talking to some management, and it was determined that that day, without us knowing, there was a huge meeting that happened, and people were really upset about something that happened within the State. And we just started talking to people. And we realized that, you know, it was like the worst day to release this compliance course. And that external data for us helped us adjust it. We were able to look at everybody's calendars for next time. We were able to make it a better time, and you know the engagement, the answers at the end. People were really answering it, engaged in the compliance work. So to me that's just a real life example.  In the moment, there was an external environment. everybody has stuff going on inside, and everybody has different things going on. So when we were able to control the environment and keep it predictable, which I know the textbook talks about, we were able to quickly pivot.",,,,,,,,,,
Sync,1,na,na,na,85767,50400,2023-09-27,0:31:13,na,na,"I think that's interesting, because at the beginning of the course we also talked about Bloom's and how you can't really learn if you have a toothache. So it doesn't really matter how organized your your mind is. If you are itchy that day, or hungry or, like you said, have some kind of horrible news dropped on you, that's something that can really affect your capacity  for learning, even if you're all set up to for success up there.",,,,,,,,,,
Sync,1,na,na,na,47520,85767,2023-09-27,0:31:52,na,na,"Yeah, another point on the opposing side. It's just that I have a personal experience with that, actually. Just  growing up, obviously, all my life. I have ADHD, which obviously consistently and heavily impacts my ability to get things done, whether or not that's school or not. But in the fourth grade, that was when my teachers all of a sudden were recommending medicine, and like blah blah blah. But what they didn't know was at home my parents were going through a divorce. So that's the external factor that was causing me to do poorly in school. And they thought like, ""oh, it's because she has ADHD. She can't focus."" But yeah, I can't focus because I have ADHD, but this is this is different than it's been in the past. So I think sometimes, yeah, my teacher knew how my brain worked, but there were things that were impacting me outside of school and even inside of school at the time that were affecting my ability to learn.",,,,,,,,,,
Sync,1,na,na,na,67222,47520,2023-09-27,0:32:54,na,na,"I think kind of like bouncing off of that... One point that I wanted to make was the external factors. A student can maybe learn in school well by following, cognitivism or behaviorism, whatever method like the teacher wants to follow. But if they're not practicing their learning at home and getting a way to recall this information, they're gonna forget it. And I think it was on page 69 in chapter 3, where it talks about the forgetting curve. It mentions ""when there is no attempt to remember something material is forgotten rather quickly at first, with memory loss slowing over time"", and... where is it... ""Showing that about half of newly learned material is forgotten in a matter of days without rehearsal."" So if the only time a student is learning information through these prescriptions of learning methods is a school, and then there's no rehearsal and no recall, the method of learning and teaching isn't really beneficial in the long run, because it's not being practiced.",,,,,,,,,,
Sync,1,na,na,na,49753,67222,2023-09-27,0:33:59,na,na,"I agree with what you said 67222. I could tell my students...we could go over the same concept every single day for months, but if they're not practicing on their own it's not gonna stick. And if they don't continue to practice it, it's never gonna get put in their long-term memory that Driscoll talks about so that they can recall it and use it later. So I agree with what you said. They do have to practice. They do have to have repetition with the knowledge and the skill, or it's just not gonna stick.",,,,,,,,,,
Sync,1,na,na,na,8036,49753,2023-09-27,0:34:33,na,na,"I'm piggybacking off of what 49753 just said about the practice, and in opposition. I'm piggybacking off what you said, but I'm still opposing. I'm gonna talk about that a student I have. He's autistic, and... I can't remember her name. She just talked about ADHD, and how her teacher didn't know what was going on. Well, I have a student who's autistic, and autism has certain characteristics which the doctor will tell you ""Well, this is what's happening. We have programs written for the students."" So they have specialized education and so on and so forth, because we know what the characteristics are. We know what to look for based on research. They say ""this is how students with autism learn."" However, on the other hand, there are things that happen in the classroom that has allowed my student to react certain ways because of the external stimuli, and that tells me that it's not just the internal processes of the mind. That tells me that learn how learning is taking place, or helps me to best understand how learning is taking place. Because whilst there's research as it relates to autism, I am seeing things based on what is happening in the classroom with that particular student that tells me I'm also understanding that external stimuli is affecting the learning process for that particular student.",,,,,,,,,,
Sync,1,na,na,na,8036,47520,2023-09-27,0:34:33,na,na,,,,,,,,,,,
Sync,1,na,na,na,49753,8036,2023-09-27,0:35:52,na,na,"So I'm, just...I'm curious. Is your name pronounced 8036? Would you say that the external stimuli are impacting that specific student more, or are you able to use what you know about his learning to, I guess, combat the the distractions or the external stimuli that are impacting the student's learning?",,,,,,,,,,
Sync,1,na,na,na,8036,49753,2023-09-27,0:36:16,na,na,"I would say both. Because my knowledge of autism and how to deal with students who are autistic or the specialized education program helps me. So internal processes, the knowledge of that, helps me to adjust or helps the student to react to whatever stimuli there is in his, his environment, as well as put certain things in place so that I sent the student up for success. So in this case, it's both understanding what research says is best by understanding how the processes work within the mind of those with autism, as well as what do we do in the environment for an autistic individual. Those together help me to make him be best successful in the classroom.",,,,,,,,,,
Sync,1,na,na,na,1,na,2023-09-27,0:37:07,na,na,"Gonna interrupt for a minute. Did everybody get to make an opening statement? Kena, did you get to share? Okay, you did. Okay, making sure. Okay, go go. We have another 10min. It's really interesting. So keep talking.",,,,,,,,,,
Sync,1,na,na,na,60407,8036,2023-09-27,0:37:23,na,na,"So I think it's interesting that you pointed out neurodivergence as a reason for inputs. Because when you look at the cognitive approach, it doesn't say that they don't consider inputs, right? It is about a series of inputs and outputs, and how those things are taken in and how they're synthesized. I'm actually the mother of an autistic child and the wife of an autistic person. So I spend a lot of time with people who have autism, and if people don't understand that their brains work in a different way, and they they filter information a little bit differently. It's hard for them to conceptualize how learning happens for them. that learning can look a little different. So if they don't understand that internal process for them, then they're not going to understand how to best approach any situation with them. So that fundamental understanding of the internal brain mechanism is foundational for my son when he goes into his second grade classroom? Just understanding how his brain works differently. And with autism, the brain of any... When you know one autistic person, you know one autistic person? When you say there's a range of characteristics, I mean stereotypically, yes. But there are a lot of ways that autism manifests and a lot of ways that autism looks. But knowing that his brain pattern isn't going to match what you might expect for a typical 7 year old. That's super important, and it's super important to look at how he interacts with the world in order to understand how his learning works.",,,,,,,,,,
Sync,1,na,na,na,50400,8036,2023-09-27,0:39:00,na,na,"Oh, I love what you just said, both of you. And I'm on the opposing side, 60407, but that was awesome. But I will say this. When you just said, it's important...you can't stereotype everybody, there's different ways that people receive inputs. But that would be the teachers or the instructor, whoever, and that's where it lends itself back to noticing, paying attention and looking at what worked for the child. So I think your argument is totally valid, but I could flip it to the other side and say if we had data on autistic, or whoever, ADD, ADHD, any kind of neurodivergence, that data is one piece of a puzzle that might apply to one child or one adult learner. So I would say that it would be up to the instructor or the teacher, facilitator, whatever we wanna call it, cause I don't wanna leave out adults, because that's who I work with. To then be in charge of the conditions that help maintain the the desired behavior.",,,,,,,,,,
Sync,1,na,na,na,50400,60407,2023-09-27,0:39:00,na,na,,,,,,,,,,,
Sync,1,na,na,na,31035,50400,2023-09-27,0:40:13,na,na,"I'm kind of piggybacking off that. I'm on the opposed team, but in my heart I'm like, ""combine them all together."" They're all great. But I also work with adult learners, and I feel like, and this could just be my opinion on it, but I feel like a lot of this stuff that we've been reading about has been like the beginning of how people learn, getting people to learn. But once you've established how to learn, these things are so second nature, I forgot what the term is, but it's like you've acclimatized to learning. It's a second nature thing to you now. So once you get into adult learning you don't pay as much attention to those things because you know the basics of them. You don't want to steer too far, like pick one theory that no one ever uses. But once you get into adult learning, it's more about keeping people engaged or like helping people find interest. The point that I'm getting at is that cognition at some points is just not practical. It's not a thing that you want to pay attention to or need to pay attention to when you're designing a learning environment. I probably spend 25% of my time thinking about how I can get students... how they will learn the material, and more of my time figuring out how to get college students to actually care about art history, and how I can shape their environment and like, have them have a cool learning activities, things like that that will get them engaged. So I guess my point is that cognition is not practical in some situations, once it's been acclimatized, and once someone has established their mode of learning, you don't really have to focus as much on how they're learning as much as getting them to actually learn. If that makes sense.",,,,,,,,,,
Sync,1,na,na,na,8036,31035,2023-09-27,0:42:14,na,na,I think… sorry.,,,,,,,,,,
Sync,1,na,na,na,67222,31035,2023-09-27,0:42:17,na,na,"I think y'all made a good point. Sorry. Y'all made a good point of, like, in a perfect world on a perfect day, when everybody's focused and attended like, we can focus on the internal processes and like teaching in a way that directly adhere to those points and like help with active recall and all that stuff. But there are the external factors that we have to consider. Like a child may be overstimulated one day, or in a bad mood, or be distracted even more than they previously were the other day. So those things obviously hinder your learning and how effective it can be. So yeah, in a perfect world, you only have to--and the child can be focused the full day--you can focus on using the internal processes of cognition or behaviorism. But  not every day's perfect.",,,,,,,,,,
Sync,1,na,na,na,8036,1,2023-09-27,0:43:14,na,na,I just wanna say in closing…,,,,,,,,,,
Sync,1,na,na,na,49753,1,2023-09-27,0:43:14,na,na,"Yeah, to go…oops, sorry. ",,,,,,,,,,
Sync,1,na,na,na,1,na,2023-09-27,0:43:17,na,na,"Okay. 3 of you are trying to talk at the same time. Let's go one at a time and make sure all three of you talk, and then we'll pause with that. Okay. okay, I think I heard 8036, 49753 and 47520, is that right? Okay, go ahead.",,,,,,,,,,
Sync,1,na,na,na,8036,1,2023-09-27,0:43:34,na,na,"So I just wanted to say that learning is such a complex process as my final point. Learning is such a complex process that I think it is worth looking at both the internal processes of the mind as well as the factors in the environment, social, cultural, situated factors that influence it. We can't leave anything out. And we also because it's such a complex process. We also can't say what the best process is, or what the best way is to understand how learning works.",,,,,,,,,,
Sync,1,na,na,na,49753,47520,2023-09-27,0:43:34,na,na,"I was gonna say…sorry, you go ahead.",,,,,,,,,,
Sync,1,na,na,na,47520,67222,2023-09-27,0:44:08,na,na,"Ok, so I was just gonna say… I kind of had an example built off 67222's, and it's not closing. So you ahead, 49753.",,,,,,,,,,
Sync,1,na,na,na,49753,1,2023-09-27,0:44:22,na,na,"Oh, okay. So one thing I was gonna say, just as people were talking, it kept making me think about  how do we get students to understand why they're learning and how their internal processes work. But also  maybe trying to understand how the external factors played a role in that. And one thing I was thinking is that in our classes we could ask students to reflect on what we learned for that day. You know, ""What did you learn? Why did you learn it? How did you learn it?"", and then ask him the external things: ""Was there anything that prohibited you from learning this? What could we do next time this comes up to get rid of the distraction and enable learning?"" I don't know, that was just something that I kept thinking about as we were talking about the internal versus external. How could I get my students to actively think about the way both things matter in their learning. So I just wanted to throw that out there before we left.",,,,,,,,,,
Sync,1,na,na,na,43179,1,2023-09-27,0:45:21,na,na,"I have two points. I wanted to have like one extra point, and then my closing. so I noticed studying cognitivism and behavioralism. cognitivism moreso makes the student be more of a problem-solver and appeals to critical thinking. While behavioralism, the teacher moreso takes the standpoint of lesson planning and determining how information is reinforced in the classroom. So I think that it is important for the teacher to establish when a student will learn certain things, because obviously, according to the textbook, chapter 6, page 197, we go through different developmental stages. For instance, the concrete operational stage: You can't think at a hypothetical level yet, but you can problem solve. So it's good to keep that in mind, because you wouldn't want to teach Shakespeare to second graders, because that would be too advanced. But also you wouldn't want to like teach accounting so sixth graders, either, because they would be bored. And then my closing is: It's good to understand how external factors and internal factors play off each other. Because you can be distracted, or you might be hungry, and that can influence whether or not you can be focused in class, and it's good to know how all of that's important in learning.",,,,,,,,,,
Sync,1,na,na,na,1,na,2023-09-27,0:47:03,na,na,"Okay, thank you, 43179. I'm gonna stop there mainly for the sake of time. I want to be conscious that you know I had scheduled this only for an hour. We could go on for another hour, right? Let me pause the recording.",,,,,,,,,,
Sync,2,na,na,na,1,na,2023-09-28,0:00:01,na,na,"Okay, got it. Okay, I've started recording. So the prompt for today's discussion debate is"" learning can be best understood by studying the internal processes within the mind.""So except for 19861, you are all in the supporting team. 19861 is on the opposing team, and 37229 has sent me her video because she couldn't be here in person. She's on a time zone that's later in the night right now. So I gave her an option to send a video. So we will start with the supporting team, you know. Make your points, and then we'll take it from there. And I'm just going to listen, my role is just listening. So this is your debate. Okay, I'm not going to. Be facilitating or interrupting, ok?",,,,,,,,,,
Sync,2,na,na,na,60685,1,2023-09-28,0:01:09,na,na,"i'm on the supporting team. And my first thought when reading the statement ""learning can be best understood by studying the internal processes within the mind"" was yes, of course it's true. Because if you're not focusing on the internal processes, that's kind of more of like a behaviorist's take, if you're only looking at the physically observable stuff and actions. And there's a reason that behaviorism isn't as popular of a, I guess, stance now, because constructivists and cognitiveists have kind of come in and given their takes. To fill in the gaps that behaviorism left out. So I agree that like because of how we kind of operate now, that it confirms that learning is best understood by studying the internal processes. Since that's something we're able to do now.",,,,,,,,,,
Sync,2,na,na,na,63749,60685,2023-09-28,0:02:05,na,na,"I will go ahead and add on to what you are saying, 60685, and I also support the statement. I'll just add on to say that individuals may demonstrate the same behavior, or they might have the same  behaviors. Let's say they have the same forces promoting to do same behavior, but they still act differently. So you just focus on like the behavior, you're not just demonstrating why two people might have the same positive reinforcement placed on them, or they may have the same punishment given to them, but they might still react differently. So that's why it's important to also focus on thinking about the internal processes behind, why it influences behavior and how it impacts learning.",,,,,,,,,,
Sync,2,na,na,na,40519,63749,2023-09-28,0:02:51,na,na,"I also agree with the statement, but my first thoughts of it was more on teachers being able to facilitate learning and adapt to each student's ability to learn. Along the lines of like collecting information and the retention of information in the classrooms, as well as trying to prevent cognitive overload as the students are learning. Because once we do understand the internal processes of the student's minds, because each student is different, everyone is different and learns differently, once we're able to kind of understand what the abilities are of each person, we are able to better adapt for each person",,,,,,,,,,
Sync,2,na,na,na,60685,40519,2023-09-28,0:03:43,na,na,"That goes along with the other point that I wrote down to make sure I talked about. I said studying internal processes is important because it gives us insight into disabilities that can affect learning. It's also very similar to what you said, because that can be a very big hindrance if it's something that a student isn't displaying. But there's a problem lying internally that we can fix by looking in the internal processes.",,,,,,,,,,
Sync,2,na,na,na,59488,1,2023-09-28,0:04:16,na,na,"So it also provides a more comprehensive understanding of human behavior than behavioralism. It's a focus on the mental process, so it's better than a fix on the behaviors. So yeah. And also, point out the limitations of behaviorism's fix on observable behavior. And it's very important to concern mental process when we have education to learners.",,,,,,,,,,
Sync,2,na,na,na,19861,1,2023-09-28,0:05:13,na,na,"So I oppose the statement. I do agree that setting the internal process within the mind is important, but the statement says that learning can be ""best"" understood, and I think that no matter like how much you study the internal processes of the mind, it doesn't show what's necessarily going on in someone's environment. And I know a lot of students, even if they're considered smart, have something going on in their personal life, they're just not gonna be able to like, learn well and perform.",,,,,,,,,,
Sync,2,na,na,na,60685,19861,2023-09-28,0:05:53,na,na,"I definitely see where you're coming from. the blanket statements like ""best,"" or like ""always"" kind of make this stuff difficult. because there's so many factors that go in to learning and everything as a whole. the one thing that I guess I could say to counter that would be when there's influences elsewhere that are also affecting your students' ability to learn, maybe you could look at the cognitive processes of the parents, and that situation. what is going on to make that happen? I don't know that was a really good point. So I'm just kinda reaching here.",,,,,,,,,,
Sync,2,na,na,na,63749,60685,2023-09-28,0:06:36,na,na,"I kind of wanna just add on to what you're starting to say, 60685. I would say that understanding internal processes can maybe help to understand how the environment is impacting someone's behavior. So let's say, for example, the environment obviously does impact your behavior, but maybe understand different internal processes, to understand how you might take something that just happened to you and take into your short term memory. Or how you can take that information from environment, and it can go into your long-term memory. So it can maybe explain how some of the environmental factors go into your memory, and how you might also start making connections between things. And that could  help with like learning, I guess. Making connections.",,,,,,,,,,
Sync,2,na,na,na,59488,63749,2023-09-28,0:07:26,na,na,It also gave an approach to explain why the behaviour just happened. So I'll correct.,,,,,,,,,,
Sync,2,na,na,na,40519,63749,2023-09-28,0:07:38,na,na,"And to kind of bounce off of both of y'all... We can use the cognitive method of thinking and observing the mental process to really instill problem solving skills within people. Like if we are made aware of why these emotions are showing, we are able to better find ways to either express these emotions in a safe and equitable way, or work on ways to... I wouldn't say fix the emotions, but allow the emotions to be released and not just like kept in. Because, as 19861 was saying, which I can see that environmental factors do can have both negative and positive effects on a student. Once we're able to really understand why that's happening within the brain, we're able to better problem solve and react as needed to better support the students' learning.",,,,,,,,,,
Sync,2,na,na,na,40519,19861,2023-09-28,0:07:38,na,na,,,,,,,,,,,
Sync,2,na,na,na,19861,1,2023-09-28,0:08:55,na,na,"I just wanted to say that a lot of you guys are mentioning like emotional things and studying the cognitive processes, but I think it's important to also think about some things that are affecting students that aren't necessarily emotional. Things like being hungry, physical things that are happening. Even if you study the mind, I mean, that's just something that would just need to be fixed in general. So I would say the environmental factors are not always emotional.",,,,,,,,,,
Sync,2,na,na,na,1,na,2023-09-28,0:09:38,na,na,"Okay, shall I play 37229's statement? You all ready for that? Give me a second to share my screen so you can see her, she sent a video. Can you all see? See the video?",,,,,,,,,,
Sync,2,na,na,na,37229,1,2023-09-28,0:10:01,na,na,"Hi, everyone, my name is 37229. So studying the internal cognitive processes of learning is without a doubt valuable to our understanding of the acquisition and reception of knowledge. However, as educators and instructional designers, we need to step back from these cognitive intricacies and look at the complex ,multi-faceted picture of learning and the importance that the environment has on learners. So this involves heavily understanding the role of external factors and the environment on an individual learning journey. According to Gagné's nine events of instruction, external conditions of gaining attention, providing feedback and enhancing retention and transfer are all essential for effective learning. So this puts us into more of the learning environment and creating a safe and encouraging space for students and learners to effectively retain information. Also, in Chapter 5 of Driscoll, social learning theories emphasize supporting the notion that social and environmental factors are extremely important in the learning experience. And finally, learning is not always internally motivated, and in these situations external factors and motivators to encourage learning students and spark interest in your topic for new knowledge acquisition opportunities are sometimes needed. So we need to focus on the external factors and not get caught up in the internal processes of learning. So thank you.",,,,,,,,,,
Sync,2,na,na,na,19861,37229,2023-09-28,0:11:36,na,na,"I wanna piggyback off her statement. She talked about how you can learn about motivation and stuff. And I think that behaviors really allows you to, as a teacher, look at how you can motivate your classroom in different ways, whether that's through positive reinforcement, or anything else.",,,,,,,,,,
Sync,2,na,na,na,60685,19861,2023-09-28,0:12:02,na,na,"I agree. We also definitely need to recognize external factors. And that's something that both you and 37229 said in her video. but it also got me thinking while watching that. we're thinking a lot about in the classroom learning. Which is where a good chunk of our time and energy is probably gonna be going as LDT people. But I was thinking about how it could be applied to the 9 month old that I, nanny. And there's definitely a lot of stuff and learning that's going on for her on a daily basis. But it's not really what we think about traditional learning that a kindergartner would exhibit. So I think in her case there are definitely some observable learning moments are happening. Like when she's hitting a tool in a way that makes a sound, and stuff like that. But I would also say that a majority of her learning is just almost entirely internal processes. And it's very interesting. I just want to know what's happening inside her brain at all times. But also I could be wrong. That was just my thought.",,,,,,,,,,
Sync,2,na,na,na,60685,37229,2023-09-28,0:12:02,na,na,,,,,,,,,,,
Sync,2,na,na,na,40519,60685,2023-09-28,0:13:22,na,na,"Sorry. To kind of piggyback off of you, 60685, because I had very similar thoughts when I was making my notes. I took an exam today that was on... I think his name's Piaget, stages of cognitive development. There's a lot in information in his stages of development. But I do think that is a very critical piece of information when it does come to understanding, at least like human development. And once we're fully able to categorize like, ""oh, where is the nine-month-old in comparison to where we are in our lives?"" and understanding how best they learn. We can really be able to adapt learning to the best of our abilities for them.",,,,,,,,,,
Sync,2,na,na,na,63749,60685,2023-09-28,0:14:23,na,na,"I was going to go off of what you were both saying, and I was also just gonna mention the stages of cognitive development. I was also gonna mention that cause I was also just recently reading about that. But also a good point that I think 60685 made was that learning is not just in these formal situations that occur. So your environmental factors and external factors are always gonna be present, no matter where you are. So let's say, even in school there's external factors like your family, and other things like that, even like [incomprehensible], like other external factors that are relevant. So I was just gonna say that understanding the internal processes can help understand why certain things might be more relevant and might be like... long term memory, short term memory, how those things, how connections are made between external factors. And, let's say formal learning, but also not formal learning. If that kind of makes sense. It's like helping to make those connections between, like everything that goes on around you and the information taking things.",,,,,,,,,,
Sync,2,na,na,na,63749,40519,2023-09-28,0:14:23,na,na,,,,,,,,,,,
Sync,2,na,na,na,59488,1,2023-09-28,0:15:31,na,na,"I want to give two examples to support my statement. So first is my son. He is 6 years old, but he's the youngest in the classroom. And 2 days ago the teacher told me his behavior is very bad. So the the teacher tried to make him listen, but it doesn't work. So we explain the teacher about his age and his learning levels. And then the teacher makes sense. The teacher knows, oh, the the boy is the youngest one in the classroom. So he will take care of it, and then use some cognitive cognitive theory to to learn his behavior. So I think you, you just see the behavior theory, maybe you cannot explain some information to know the real things. And the second example I want to give you is machine learning. So we know all the information process, how to how to process the information, how we organize the information. And then our people create machine learning, and also what you'll say to to the AI. So I think it also uses the cognitive theory to develop and explore this emerging technologies. So it's not a behavior.",,,,,,,,,,
Sync,2,na,na,na,60685,59488,2023-09-28,0:17:12,na,na,"I think she made a good point. This also made me realize I probably misspoke earlier. When you're explaining that, like the behavior was the thing that like caught the teacher's attention, and you were able to like explain it,  the cognitive reason why, I think I might have come off like too strong on badmouthing behaviorism as a whole. Because I think the behaviors like that we see are definitely important indicators that we need to keep in mind when talking about learning, and how like kids learn. And they're just flags that like come up, like ""oh, if this happens, that's our cue"" to investigate what could be going on internally to make this thing happen.",,,,,,,,,,
Sync,2,na,na,na,19861,60685,2023-09-28,0:18:04,na,na,"I think that by monitoring students behavior, that teachers are able to change certain behaviors how they want to. And they're also able to make tweaks and changes for each student's individual needs. So if you see a student struggling in a certain subject, spending more time with them. Or if you see a kid frustrated all the time, it might be an indicator that they need moreone on one help. So I think like behaviorism can sometimes be like a more immediate way for you to see an issue with a student, and that might be a first indicator. And then you could go more into the internal processes. But I don't think that teachers are noticing things because of internal processes. I think that the first sign of like a red flag, that there's something wrong with the student is their behavior, and then the internal processes would come after.",,,,,,,,,,
Sync,2,na,na,na,1,na,2023-09-28,0:19:14,na,na,"So since 19861 is here by herself, I will raise a question. What if you have to teach somebody a skill? What happens in that situation like you want someone to ride a bicycle like a psycho motor skill. Can you still understand it by the internal processes within the mind? And I'll stop there. You know, there's like knowledge skills, right? Different type of learning outcomes. So what are your thoughts?",,,,,,,,,,
Sync,2,na,na,na,60685,1,2023-09-28,0:19:56,na,na,"I think that's where we would definitely use the physical behaviors, like observable stuff, to go off of. And then if there's a persistent problem, like a child not being able to learn how to ride a bike, kind of like how we said earlier, that would be the cue to go in and look and compare. Is this a developmentally appropriate thing for this child to be doing or doesn't match up? Like Piaget or Vygotsky, their stages, and when they think that kids should be able to be doing things and prompt that, I don't know, deep dive into the cognitive stuff. Or if the kid is presenting or saying things that might want you to believe that there could be a cognitive disconnect happening in the process of you teaching it. And that's when we could also look into it, reference more  what cognitive hindrances could be preventing themselves when you're trying to teach a physical skill.",,,,,,,,,,
Sync,2,na,na,na,40519,60685,2023-09-28,0:21:11,na,na,"One thing that I was thinking as you were talking, 60685, about trying to teach someone a cognitive skill and having a cognitive dissonance. While observing the external behaviors is usually the first sign that we see of something that's not quite right, the reason why we are able to address that is because we do understand a lot of the internal processes that people have, especially if they have learning disabilities. Like I struggle with dysgraphia, that's dyslexia for math, and growing up trying to teach that I didn't know I had that till middle school until one of my teachers, who also struggled with it, was able to recognize and sit down with me and talk to me about what I was saying versus what other students were saying. So, having people who do understand the internal processes, to also be able to see the external processes is really important when trying to teach students who need the extra help. And I think that's that was an important kind of add-on to your statement.",,,,,,,,,,
Sync,2,na,na,na,19861,40519,2023-09-28,0:22:39,na,na,"I do agree wth your statement a lot. But I think that, like I said before, a lot of times those type of learning hindrances, like people like that have ADHD, for instance, a lot of times alarm bells go up first because of how teachers are watching their students. So if there's a kid that's talking excessively they might have something like ADHD, or they can't sit in their seat and stuff. So that's why I think it's important to watch behaviors. But then I also do think it's important to then later on get the child help from maybe a professional or whatever, like if it's a speech therapist, for instance. But that's why I do think behavior is so important, beause I feel like behavior a lot of the times helps those types of learning hindrances get the appropriate care that they need.",,,,,,,,,,
Sync,2,na,na,na,60685,19861,2023-09-28,0:23:39,na,na,"They're definitely, very closely related. We couldn't have one without the other. And then your statement kind of made me think of it as like behavior is  how cognitive or internal processes like, speak to other people. I don't know if that makes any sense. That's just how I kind of make sense of it.",,,,,,,,,,
Sync,2,na,na,na,19861,60685,2023-09-28,0:24:00,na,na,"Yeah, like how it shows up to other people.",,,,,,,,,,
Sync,2,na,na,na,63749,1,2023-09-28,0:24:06,na,na,"I would just like to add on to the initial question. I think that understanding some of the processes behind learning has kind of influenced how teachers, just individuals in general, had developed strategies for enhancing learning. And how making strategies for learning and encoding things into memory. Because I know in one of the chapters of the book, it talked about trying to get information from sensory memory, and then to turn it into working memory and finally making it to long-term memory. And it mentioned some of the techniques and strategies had been developed based on information and learning that we have made in terms of cognitive learning. Those are some of the techniques that have been developed. So, for example, things like chunking information and mnemonics are things that we have found that could be helpful for attaining certain information. And that's based on cognitive learning theory and what has been learned from that. And also things even like taking notes down, like your own words and people say don't just copy things. That's a technique that has been developed based on cognitive learning theory. And the idea that it might help you to encode information into your mind, and might help make things more connected in your mind and make easy to learn, you know, memorize. So I think some of the learning theories we saw to help develop strategies for learning.",,,,,,,,,,
Sync,2,na,na,na,19861,59488,2023-09-28,0:25:42,na,na,"I just kind of note that. Oh, go ahead.",,,,,,,,,,
Sync,2,na,na,na,59488,1,2023-09-28,0:25:44,na,na,"Oh, I want to just do one point about the ride a bike. So and first away we saw our parents to ride a bike, and then the children tried. And I want to say, sometimes just select attention. So it's from the congratulations to them. So  the children maybe try, but it fails. So he don't want to try, the behavior just stops. We just teach to their ability. He wants to try and then have your child game to ride a bike. So I think at that point behavior is important, but the rest to learn a process is much more important than behavior.",,,,,,,,,,
Sync,2,na,na,na,19861,1,2023-09-28,0:26:44,na,na,"So I just wanted to note that a way that teachers can manipulate... not... that's probably bad word, but how they can influence their students to do certain things is by modeling it themselves. So a lot of times, obviously if teachers... let's say you're doing a lab, and science or something. The teacher shows you how to do it first and then the students follow and do the same thing. But also, teachers being a good role model, establishing behavioral expectations. If they see their teacher doing it then they're going to act in similar ways, or they're going to solve the problem in a similar way, or they're going to do the model in a similar way. So I think that's one way that behaviorism is really helpful for teachers. They model the the behavior that they want their students to follow.",,,,,,,,,,
Sync,2,na,na,na,60685,19861,2023-09-28,0:27:37,na,na,"I think that's definitely super important. I remember in elementary school, when we were doing a craft or really anything besides just a worksheet, the teacher would always have a pre-made version so we could see what it looks like. And watching them do it step by step, is also very helpful. And again, I think it goes hand in hand with... that's equally as important as like the verbal instructions that they're giving throughout the activity or craft, or whatever it is.",,,,,,,,,,
Sync,2,na,na,na,1,na,2023-09-28,0:28:12,na,na,"So I want to wanted to ask do any of you have any responses for 37229. you know we didn't talk about her video. So she talked about Gagné, right? She talked about feedback. She talked about several steps in the 9 events. Do any of you have... transfer, retention, she talked about that.",,,,,,,,,,
Sync,2,na,na,na,40519,37229,2023-09-28,0:28:38,na,na,"I did have a point on retention that I was going to try and throw in there, but the conversation was flowing. I believe I was gonna bounce off 19861 that especially for younger students with the teacher modeling their behavior, and even like subconscious behaviour. students are able to at least observe that, and work that into their short-term memory, that can eventually, with enough repetition, go back into their long-term memory. and based on different events that happen, by the show of behaviours, the students are able to... there's a key event, so to say, within the behavior, within the action, that really sticks with the student. and from that, they are able to retrieve that memory. for example, my niece is 3 years old, and she is just now on the soccer team, and all the kids are like 5 years old and older. so she is the youngest and the smallest, but she's kicking butt. but she's still really, really young, and she's still learning everything. But she watches the older kids as they are at their soccer practice, and watches them like ""Oh, if I kick with my left leg instead of my right leg. the ball will go this way or that way. Or if I kick too high on the ball, I'll slip and fall."" And I've been watching her, and trying to talk to a three year old about what she's observing. and she's kind of starting to understand, and has been using examples from her practice to say why she shouldn't do x, y, and z, or why she should do a, b, c, in different circumstances. And I'm really proud of her because she's pulling from examples from one or two practices ago. And so that also kind of goes into Piaget's cognitive stage that she's in. But I definitely think that retrieval is... yeah, I just lost my thought. But yeah, whole spiel.",,,,,,,,,,
Sync,2,na,na,na,40519,19861,2023-09-28,0:28:38,na,na,,,,,,,,,,,
Sync,2,na,na,na,19861,40519,2023-09-28,0:31:19,na,na,"I think that like, that can also go into like constructivism a little bit, because like she's taking like past experiences, and like changing it, based off her prior knowledge.",,,,,,,,,,
Sync,2,na,na,na,60685,40519,2023-09-28,0:31:40,na,na,"Alright, also the 9 month old that I watch has a 4 year old, sister. and it's kind of like a similar experience that I had when I picked her up from school. I'm like, ""Oh, what did you learn today? what did you do?"" Or ""who had show and tell?"" Like little, tiny questions for what she tells me about what she did in dance class the week before. It's just so cool to watch her do the retrieval process, and it's interesting to see what events and things actually stick in there. It's mostly things that we wouldn't think of being that important. But that's just another interesting thing. Like her mental process of what goes through sensory memory, either makes it to short term, working memory, goes into like long term, and what she's able to bring back from there. The things that she continues to think about, the important stuff to her that makes it to long term memory that she can remember to tell me, later in the day or next week, or whatever. And that's school.",,,,,,,,,,
Sync,2,na,na,na,1,na,2023-09-28,0:33:00,na,na,"I guess all of you have made your points. Should we wrap it up? So I like how 60685 said ""somewhere in between."" Both are important, right? In different phases, when you're learning. I think all these theories are there to serve a purpose, and they're not mutually exclusive from each other. Right? Let's conclude with that, because next week you're going to go into constructivism, which is all the more important, too, right? And then we'll be learning a few additional theories in the coming weeks. I hope you all enjoyed the discussion. I enjoyed listening to you all. I hope you enjoyed the reading, and this is a different form of debating. But hope you all enjoyed it. Okay, let me pause the recording.",,,,,,,,,,
Sync essay,na,na,na,na,85767,na,na,na,na,na,"As someone holding an opposing position during the debate, I noticed that many people on the opposing side had hangups with the word ‘best’ being used in the prompt. In agreement with the opposing cohort, I also have a hard time holding a supportive stance on the argument solely on that word. It is difficult to say any one method is the best when working with individuals. I think it was difficult for the supporting side to overcome the wording in the statement and therefore I think the opposing side had more to work with in the argument. As I stated, self reporting a learning process can be very difficult, even when you are able to articulate ideas and feelings well. Not everyone would describe similar learning experiences the same way, even if they shared the same positive learning outcomes. Assessing self reported data about how people learn seems to be difficult and could ultimately skew the data when discovering which internal processes were being triggered during an activity. Even though we can map various learning hierarchies and structures and apply them to how we plan for students, they might not always work. It is important to recognize that even though learning patterns can be found, all learners bring unique needs and learning characteristics to the table. We cannot function under the notion that everyone learns the same way or would use the same internal processes to learn and grow. Finally, environmental factors such as hunger or a headache can trump the best lesson, planned with the internal processes in mind. Bloom’s teaches us that if our core needs are not met then we can not learn. With the exception of one member of the team, I believe the supporting side of the argument underestimated environmental impacts on learning and did not address this factor in their arguments strongly. Our physical and internal environments will often trump internal processes. Our environments strongly determine the outcomes of learning and ability to retain information, regardless of the quality of instruction.    ",,,,,,,,,,
Sync essay,na,na,na,na,5259,na,na,na,na,na,"The debate as to whether learning is best understood by studying the internal processes within the mind was very persuasive amongst both the support and opposing sides while building great rapport. The two sides of the debate both brought valuable, compelling arguments that were supported by facts, examples, and personal experience. The main argument made by the supporting side is that studying the internal processes within the mind provides great insight into how a student’s memory, attention, and problem solving skills affect the way they learn. From this information, learning experiences can be tailored by the instructor to meet the needs of the learner. Strategies have also been developed to enhance lessons. A common context mentioned by the support side was teaching children how to read. For example, 43179 is an ELA tutor and when students get stuck, she provides them with context clues. This teaches learners how to use what they already know to better understand the new information being presented to them. This encourages learners to take an active role in their learning by being a critical problem solver. The use of context clues in elementary education was developed based on the research regarding how children store and process information. In addition, if instructors can understand the short- and long-term memory of learners, they can design their lessons to meet those needs. The two main arguments made by the opposing side was that describing studying internal processes as the “best” method is too specific because it fails to consider how multifaceted learning is, and that external factors need to be considered to understand the learning process. Simply studying internal processes is not a holistic approach. In order to get a well-rounded understanding of learning, external factors must be considered. Analyzing how both internal processes and external factors work together takes into account everything that impacts the learning process. Solely studying the internal processes within the mind is limiting because every mind is unique and we all do not operate in the same schema, so not every technique will work with all learners. The context surrounding the learning process is crucial in understanding learning. For example, someone may have difficulty learning if they are having a bad day or have a medical diagnosis. 50400 is a trainer and developed a course where the data analytics showed learners were not engaged with the content. It turns out that there was a meeting those learners had gone to earlier in the day that did not go well. As a result, the learners were not as engaged in the content because they were still distracted by the events of the earlier meeting. External factors were taken into account for low engagement scores, which is something solely studying internal processes would not have considered. Both the support and opposing sides presented convincing information that was highly detailed and well-thought out. One important observation to note is that the support side had four people versus seven people on the opposing side. The opposing side had an advantage over the other side by having more people. As a result, the opposing side was able to provide more examples and personal accounts that further supported their argument. The strongest argument made on the support side was by 43179. I appreciated how they brought references into the argument to make it more credible. For example, 43179 used a research study from Cornerstone University and cited pages in the textbook, which was helpful because I could follow along better. The strongest argument made on the opposing side was by 85767. It stuck out to me when they said “you can’t learn if you have a toothache...” This phrase can be applied to any situation such as being sick, a lack of s35382p, or just getting into an argument with your best friend. 85767 continued, “...it does not matter how organized your brain is, it can affect how you learn.” This phrase resonates with everyone because when you are experiencing an adverse situation, your mind is not clear, so you are not at an optimal level to learn the most effectively. Since everyone can relate to this, it is a more impactful statement in support of the opposing side. While the arguments made were very strong, there was one that I eliminated from consideration when coming to my final conclusion on the debate. One argument on the support side was that grabbing the attention of learners can only be done through understanding internal processes. However, you can grab the learners attention through multimodal learning experiences. Students get to decide how they learn the material through a variety of options given to them, which caters to all the learning styles. Based on all the evidence gathered from both sides of the debate, my final stance is that I disagree with the statement “learning can be best understood by studying the internal processes within the mind.” This is because the term “best” signifies that this lens of understanding learning tells us the most information about the learning process. However, looking into the internal processes of the mind is just one of many ways to understand the learning process. It is crucial to consider the limitless amount of external factors that can impact learning.",,,,,,,,,,
Sync essay,na,na,na,na,60407,na,na,na,na,na,"The synchronous debate on Thursday evening was definitely interesting and there were quite a few points initiated around the notion that “learning can be best understood by studying the internal processes of the mind.” Though I was on the affirmative side for the debate, I agree with many of the folks on the opposition, who stated the term “best” was somewhat problematic in this context. While most researchers and educators would agree that studying the internal processes of the mind is important, it is difficult to isolate a singular theory that is the “best” to use in exclusion of all other theories. It seemed there were quite a few folks supporting the negative position on the topic. Most of the arguments against a cognitivist approach centered on the need for blended perspectives which make room for multiple theories of learning. They also relied heavily on the notion that environmental factors play a pivotal role in cognition and should not be dismissed. However, cognitivists make room for that idea, calling these factors “inputs” which might alter the processes of learning.  Though some on the negative side mentioned earlier studies of Blooms, they did not reference Maslow and the hierarchy of needs, which cognitivists also consider in their analysis. One point I did not have time to make in the debate was around the idea of learning design creation and the actual process of cognition. In my reading of the prompt, the emphasis was on understanding the processes the learner goes through when making meaning or learning new material, but many of the arguments made were about learner engagement and “hooking” the learner. Overall, I feel cognitive theories of learning are deeply illuminating, giving researchers empirical evidence on the scientific processes behind cognition. However, a blended approach to understanding learning makes sense in light of the multitude of processes which happen during the learning process.",,,,,,,,,,
Sync essay,na,na,na,na,49753,na,na,na,na,na,"My viewpoint on the best way to understand learning has shifted after hearing the arguments presented at the debate. Originally, I was arguing in support of internal processes being the best way to understand learning. My final position on the debate is that I disagree that learning can be best understood by studying the internal processes of the mind because external factors are equally necessary for understanding how students learn. The opposition presented more arguments in support of their side. There were eight people arguing in opposition, and four people arguing in support of internal processes. While there were multiple arguments made, the two main arguments were about whether internal or external factors were better for understanding learning. I think that 8036   and 60407 Wilson had the strongest arguments because they both seemed well prepared and knowledgeable of the positions they argued. They were both also able to use evidence and personal experiences to support their arguments. I think that the weaker arguments were ones that focused more on than language of the statement rather than whether or not internal processes were most effective to understand learning. I think that the arguments that only focused on the wording of the statement should be dismissed because they did not focus on the main point of the debate. Overall, I think that more people on the opposing side had stronger arguments due to their use of evidence and personal examples to support their answers. My final conclusion is that learning is best understood by looking at external factors and internal processes. I weighed the arguments of the debate to arrive at my conclusion by listening to the examples and evidence shared by my peers. Hearing the arguments presented by my peers on the opposing side really made me think about how deeply external factors impact my students’ learning. As I listened to their arguments, and reflected on my own personal experience in the classroom, I came to the conclusion that understanding external factors has always allowed me to help my students more than only understanding the internal processes of the mind. Therefore, I conclude that learning is best understood by evaluating both internal and external factors.  ",,,,,,,,,,
Sync essay,na,na,na,na,47520,na,na,na,na,na,"Our conversation moved quickly and fluidly, so I am not sure exactly how many points were made on each side, but I do know that almost everyone made at least two comments. This was a very interesting argument because of the absolute word, best. Obviously, there were probably people from both sides who did not fully agree with what they were arguing for, but everyone seemed to agree that the word best is what threw them off the most. Yes, we can argue until our ears are hot about what we think is best, but it is simply an opinion. Research does not show one study to overpower any of the others; cognition, behaviorism and constructivism are important for their own reasons and equally valued in the field. One of my favorite arguments made on the supporting side was that cognition was a way for us to learn more about each other and our students no matter what their age may be. I also love how the opposing side consistently brought up external factors. I think the weakest argument was when I tried to link my ADHD and parents divorce to the topic. I tripped up on my words and was unable to explain the entirety of how that impacted me in the classroom, which were just common attributes of my ADHD so they were dismissed. Instead of my teacher looking into the function of my behavior, she made assumptions based on what she thought she knew about my neurodivergence.",,,,,,,,,,
Sync essay,na,na,na,na,50400,na,na,na,na,na,"The main issue with the prompt was the word best. As Dr. Martin pointed out in her debate wrap-up, there is no one best way to understand learning. That’s why there are so many theories that do not compete but rather work together for different scenarios. Behavioral and Cognitive theories both have places in learning environments. Discussions of Neurodivergence Shined in the Debate These discussions were the highlight of our debate for me. Getting to hear real-life scenarios brought the words in our textbook to life. I wish we could have spent another hour listening to 49753, 8036, and 60407 give their points of view. 49753 opened up about her struggles with ADHD and how teachers in elementary school mistook her ADHD as causing impediments to her learning when in actuality, she was struggling with a personal problem. This example was unique, and I was happy she shared it. 8036 and 60407 both had strong arguments centered around neurodivergent students, but their points of view were on opposite ends. 8036, who opposed the statement, explained that one of her students with Autism reacted favorably to changes she made in the classroom environment to fit the child’s needs. 60407, who supported the statement, explained that she has close ties with family members on the spectrum and that sometimes their thought process can be highly complex and not replicable from person to person. She maintained that studying the internal thought process would help people who can’t advocate for themselves. Textbook Material Hampered the Debate: The only times I thought anyone had weak arguments was when they were directly reading from the book while failing to give their own experiences or examples.",,,,,,,,,,
Sync essay,na,na,na,na,35382,na,na,na,na,na,"There were many arguments on both sides, but both sides did seem to settle on only two distinct arguments. Those who supported the prompt mostly talked about how each individual's capacity for learning was best understood by taking a closer look at their mind's internal process. Those who opposed the prompt were focused on its exactness and superlative nature.  The opposing argument was intent on describing that studying the mind's internal process was the best method for understanding learning only when every other external factor was removed from the equation. As it was during last week's debate, picking one, and only one, side to support and defend is an impossible task. Additionally, personal anecdotes should never be considered evidence in a debate. There was a short foray into the realm of autism and other neurodivergent aspects. As much as the supporters thought that the study of those individuals helped further their stances, I believe it ultimately was not successful in trying to prove the prompt. Their defense of supporting that learning can be best understood by studying the mind needed a couple of other phrases added to the prompt to make it work. There is no singular method that can be the best method for understanding learning, all the methods need to be used in conjunction to best understand how learning happens.",,,,,,,,,,
Sync essay,na,na,na,na,67222,na,na,na,na,na,"After the Zoom debate and hearing my peers’ viewpoints on the argument I would say that I am pretty neutral toward the statement “Learning can be best understood by studying the internal processes within the mind.” I felt pretty neutral towards the statement even before the debate and felt like there were good arguments for both sides. After the Zoom debate, I felt even more that each side had a very strong argument. I even found myself agreeing at times with the individuals debating against me. Looking back at the debate as a whole I feel as though the statement needs to be reworked. If we were to say something along the lines of “learning can be understood by studying the internal processes of the mind and the external factors at play that may impact learning” would be a better statement that both sides could agree on. The issues surrounding the initial statement had to do with the fact that the word “best” was used. There really is no best way to optimize learning but studying the internal processes of the brain is a good way to learn more about how the brain retains information. I think most everyone agreed with the statement to some extent, but not fully which is where the disconnect came in.",,,,,,,,,,
Sync essay,na,na,na,na,43179,na,na,na,na,na,"Is studying the biological and neural processes of the brain the best way to understand how people learn? Arguably, it is one beneficial way to research how to optimize academics and training; it is not the only productive way to assist students and workers in the acclimation and acquisition of information. Learning is a complex subject that is more easily understood by studying observable behavior. It is a weak critique to suggest that internal processes are unnecessary to address because it is not visually recognized. In the 21st century, we have MRI Scans and Brain-Computer Interfaces (BCI) to establish how the brain processes look and operate independently from outside interference. However, it is helpful to research the internal context that underlines or constructs these actions. The brain is a physical organ with biological capabilities that help us function efficiently as a species. But does everyone's body operate at the same capacity and present all the potential abilities? Cognitivism is the epistemology that aims to discover how the brain stores, processes and responds to data. Natural processes like maturation play a role in understanding what is appropriate to teach someone. Behaviorism is a learning theory that explores how behavior alters by interacting with the environment. Vygotsky suggests that learning is often socially influenced, and a skilled adult can help learners advance beyond their biologically influenced limits within the developmental process (for example, teaching critical thinking to concrete-operational children who are not naturally capable of abstract thinking). Some arguments against cognitivism are that exclusively considering the internal process determines how we learn and isolates people who are neurally divergent or raised in an environment where they did not receive the necessary love and guidance from their parents to reach their full potential academically or socially. If a student or adult trainee has a fixed mindset about themselves, the basis for this low opinion of themselves usually is not intrinsically based; their environment and interactions within it likely led them to these negative conclusions of their cognitive abilities. A defense of cognitivism is that this approach to teaching and training focuses on the process and less on the outcome. The teacher facilitates the learning and guides the learner to direct their instruction. Contrarily, behaviorism puts its ownness on the instructor to tell people what behaviors are acceptable and unacceptable based on reinforcements and punishments. If the teacher believes that her students should be quiet and listen, she might punish those who seek to share their opinions and perspectives and reward those who suppress their contrary views and those entirely subject to their approval. Understanding a person engaged in the learning process at school or work entails addressing their biological capacities and constraints without completely overlooking the necessity of influence, such as scaffolding or a more experienced role model committed to improving a learner's outcome.",,,,,,,,,,
Sync essay,na,na,na,na,8036,na,na,na,na,na,"The supporting team argued that “learning can be best understood by studying the internal processes of the mind”, because learning is a cognitive process. 60407 discussed brain imaging and 49753 mentioned working memory vs long term memory in support of the statement. 60407's discussion of neurodivergence allowed for a connection between support and opposition when I discussed how internal processes influence external from personal experience with a student. The opposition had the most arguments and argued that learning is best understood by studying the external factors that influence it, such as the environment, social factors, culture, and the curriculum. They had an edge because of the size of the team and the points presented, however, the supporting team had strong arguments as well. Experiences were shared from different roles and perspectives. A few participants shared their points but did not connect with a previous point in support or opposition however, both sides made valid points. 43179’s closing points were disconnected from the debate in that it was a series of arguments that did not relate to what was previously discussed. I would eliminate those from consideration for the opposing side. The analysis was completed by reviewing the recording and listening to how the arguments connected to the statement by supporting or opposing it with evidence from the text or real-life experiences. I listened objectively and disregarded any emotional statements. After reviewing the arguments presented , I believe that both internal and external factors play a role in learning. External factors can influence learning, but they cannot overcome a lack of cognitive capacity. For example, a student who is struggling with a particular concept may not be able to learn that concept, regardless of how good the teacher is or how well-designed the curriculum is. Learners can learn in different environments, and from different curricula, however, they all need to have the cognitive capacity to learn.",,,,,,,,,,
Sync essay,na,na,na,na,40519,na,na,na,na,na,"At the beginning of this debate, my stance was in support of the prompt “ Learning can be best understood by studying the internal processes within the mind”. Even after the debate, I still believe this to be true. In comparison to the previous debate on Moodle, this synchronous debate was a bit more difficult to actually “debate” in my opinion. It's not that the topics were bad or anything, the group I was in was very unbalanced. Five out of Six participants started the debate with the stance of supporting the original prompt. It sometimes felt like those in support of the prompt went in circles of agreement while the one non-supporter chimed in every few minutes. I will say though, some of the stronger arguments in support of the prompt were based on understanding the reasonings behind certain behaviors from people and students in the classroom. While physical actions are usually the first signs that something is not quite right in someone, to really help them we need to understand what is going on in their mind. The one non-supporter who was in the Zoom debate did make a good point against focusing on the emotional side of understanding student function in class, but I'm in full support of understanding both the physical and emotional signs of learning struggles.",,,,,,,,,,
Sync essay,na,na,na,na,59488,na,na,na,na,na,"In the debate discussion, the support sides identified that the internal process within the mind is crucial to understanding how learning takes place. By understanding the internal processes involved in learning, instructors can develop more effective teaching strategies and interventions that can help individuals learn more efficiently and effectively. The support sides give a lot of examples to support the statement. For example, two people might have the same positive reinforcement placed on them while they matter the same punishment even to know but they might still react differently. So, it’s important to focus on the internal processes and why this difference in learning happened. Another example, an elementary teacher is confused and suffered by a student’s behavior performance, the poor student can’t try to listen to the teacher at the same time he is attracted by other classmates’ behaviors. After knowing his age and learning level, and then understanding the learner’s working memory capacity, attentional process, and his ability to control attention in both a general and specific sense, appears to differ with age, and the ability to transfer knowledge from one context to another, the teacher recognized that the student’s short-term memory takes longer time to react and rehearsal. After understanding the internal process, the teacher could arrange and provide specific instruction to enhance learners’ encoding and memory. On the opposing sides, while understanding the internal processes within the mind is certainly important for effective learning, it is not the only factor that determines successful instruction. They argued that internal mental processes are not directly observable and therefore cannot be studied scientifically, and all behavior is shaped by the environment through conditioning, including an automatic response is elicited by a previously neutral stimulus such as hungry, or through operant conditioning, where behavior is strengthened or weakened based on its consequences such as positive reinforcement and punishment. At the same time, they emphasized the importance of the environment because it creates a safe and encouraging space for individuals to learn. The role of external factors such as social environment, cultural context, and educational resources play very essentially in shaping how individuals learn. One of arguments to refute the statement is the Nine Steps of Gagne’s “Event of Instruction”. For instance, Gagne's model emphasizes the importance of providing clear objectives, presenting information in a meaningful way, and providing opportunities for learners to practice and receive feedback. These steps are focused on external factors such as the design of instruction and the quality of feedback provided, rather than solely on internal processes within the mind. In my opinion, a comprehensive understanding of learning should include an examination of both internal processes and external behaviors. While internal processes within the mind play a crucial role in learning, external factors such as the design of instruction, feedback provided, and opportunities for practice and application are equally important.  As educators, we should adjust teaching strategies and learning theories that are suitable for the target audiences to achieve learning outcomes. For instance, to explain declarative and procedural knowledge in an instructor’s classroom, considering the complex and abstract concept, the instructor can provide organized instruction to increase the long interest of individuals. These instructional tactics are reflected on the stages and processes of cognitive information processing. To enhance encoding and retrieval, graphic representations have been particularly effective in facilitating memory storage of information, such as concept maps, if designed well, they should assist the instructors in organizing and understanding the concepts discussed. But the event that we talked about in the debate, about trying to teach someone a motor skill such as riding a bike, can we use a procedural graphic to teach? Can we solve this problem only by the internal processes within the mind? Obviously not. Firstly, external behavior and environment will be the first consideration. Proving a safe environment for practice, demonstrating the practice to let the learners watch and learn, and then breaking down the task into manageable steps, and providing clear and timely feedback, these processes offer a good way to teach riding a bike.  If in a specific situation, for example, the learner has emotional learning problems, such as difficulty and complexity to influence attention, we educators should teach the learner to take more time in responding to a learning task, and in a strategy way for focusing attention and allow to practice that strategy. ( Dr. Driscoll, p80)  ",,,,,,,,,,
Sync essay,na,na,na,na,42489,na,na,na,na,na,"After reviewing both sides of the debate, I formed my final position to disagree with the claim that learning can be best understood by studying the internal processes of the mind. My personal stance on this claim before participating in the debate might have leaned towards agreeing with the statement, but the opposing team had some very strong points which led to my ultimate decision of disagreeing with the claim. My final position was formed using the following criteria: number of arguments for each side, who supported their arguments with evidence, which side had less or weaker arguments, and the level of quality in each response. When reviewing the debate, the opposing side of the claim had far more arguments than the supporting side. Not all of the arguments were strong points, but the majority of the points made by the opposing team were valid and correct in my opinion. I personally think the supporting side provided all reasonable arguments, but the opposing side suggested some stronger points that swayed my final position on this claim. The supporting side provided less arguments on their viewpoints regarding this claim, but none of the points were weak in my opinion. 43179 offered several strong arguments all backed with textual evidence either from the Driscoll text or other articles. She described the importance of individualized learning, various learning styles, and how information is processed and encoded in the brain. I agree with all of these statements, but I do not think that cognitivism is necessarily the “best” method to understand the full spectrum of learning. The opposing side offered far more points on their position of the claim compared to the supporting side. Like previously stated, not all of the arguments were strong though. Some of the strong arguments given by the opposing side included the idea that a combination of all learning theories better explains what learning is and how it occurs. Additionally, learning is not only composed of internal processes, but occurs through environmental factors, social constructs and external stimuli. Learning can be explained by what happens in the brain, but that is not necessarily the “best” way to understand learning. The weaker arguments provided by the opposing side includes considering cognitivism as not the single best method solely due to the reasoning of social constructs. I find this to be a weaker point because Piaget describes cognitivism through three principles which address learning through actions, social relationships and critical thinking. Another weak point was a comment by 50400, regarding her children, who said, “I don’t care what is going on in his little mind, we are just getting those patterns.” This statement is weak because 50400 could better understand why her children act a certain way and are having difficulty forming those patterns and the behaviors she desires if she could understand their attention span and how they interpret information. 31035 also mentions in opposition that one “will never understand fully how the brain operates.” The sole purpose of cognitivism is to understand how the brain works, how it processes, stores, and encodes information. Despite the points mentioned by the opposing side that are not qualitatively sound, the strong points are what persuaded my stance to disagree with the claim. Although cognitivism is an excellent learning theory to understand how the brain interprets and stores information, it is not the only best learning theory that explains every sole factor of how learning takes place.",,,,,,,,,,
Sync essay,na,na,na,na,60685,na,na,na,na,na,"I think after our debate it was clear that both sides thought that both internal factors and observable behaviors play their own important roles in helping us understand learning. This motivates me to choose “neutral” as my final opinion as I believe the wording of the statement to include “best” does not allow for the circumstances where observable behaviors are the better factor in certain situations. Some of the arguments that I can remember from my team ( im finding it hard to recall since I waited until Sunday) were that Behaviorism is kind of outdated now since constructivist and cognitive viewpoints have emerged, that cognitive factors can help identify hidden disabilities pertaining to learning, and that the observable behavior-driven side can not explain a lot of learning that takes place in infancy- early childhood. The opposing team’s main point is that behaviors can help identify when there are problems with learning, which I did conditionally agree with as it can be a signal for cognitive problems as well. The opposing team had less supporting arguments but this can also be attributed to only two members of the team attending. I think the support team had stronger arguments because we were able to rebuttal most of the points and incorporate a way in which the point involved an internal element. About halfway through was when I realized that I could not dismiss the opposing teams statements as untrue but instead see how they also incorporated internal elements which lead me to my stance that both are important. ",,,,,,,,,,
Sync essay,na,na,na,na,64758,na,na,na,na,na,na,,,,,,,,,,
Sync essay,na,na,na,na,63749,na,na,na,na,na,"For Module 5’s debate, the statement given to argue for or against was “Learning can be best understood by studying the internal processes within the mind.” I believe that this side presented more distinct arguments compared to the other side (but this could also be because there were fewer people present to develop counterarguments to the claims during the debate or think of new positions on the spot). I also believe that the side supporting the statement gave stronger arguments to support their position. Some of the arguments given to support the statement were that studying the internal process within the mind helps give a more comprehensive understanding of behavior compared to behaviorism. Another point, similar to the above statement is that 2 individuals can have the same reinforcements or punishments for a certain behavior and learn something different/display a different behavior as a result of reinforcement/punishment. Understanding the internal process within the mind could help possibly explain why there are some differences in behavior and what was learned. Another strong position for supporting the statement came from discussing Piaget’s Cognitive Development Theory. One of the arguments for opposing the statement was that learning is based on multiple factors and that external factors need to be considered in addition to internal factors (internal factors not what would ‘best’ help understand learning. I do agree that words like ‘best’ can have a major impact on position agreement). An additional argument for opposing the statement was that understanding the internal processes of the mind doesn’t necessarily demonstrate/explain the environmental factors. A third argument for opposing the statement was that behaviorism can be a more immediate way to tell if learning has occurred or if there is an issue. Based on just this debate alone, I would say the side supporting the statement was a little bit stronger, so I would lean more towards agreeing with the statement. To arrive at this decision, I considered not just the quantity of the number of arguments/statements, but the quality and whether there was a strong counterargument for a particular position.",,,,,,,,,,
Sync essay,na,na,na,na,19861,na,na,na,na,na,"My final position on the debated claim learning can be best understood by studying the internal processes within the mind is that I disagree with this statement. I think both behaviorism and cognitivism are important to look at. Someone made a point that they often go together and I completely agree with that. So I wouldn't say its the ""best"" way learning could be understood. I feel like there were more arguments presented on the supporting side because I was the only one on the opposing side in my particular debate besides the video that was submitted by another classmate. I think that made it more difficult for me to be the only one on the opposing side because I was having to disagree with everyone who was talking's statements. It would have been nice to build upon what other people who were on the opposing side were saying. I think the one of the strongest arguments presented on the opposing side is that behavior is often a first indicator that teachers see that someone may have a learning disability. That's why I think studying behavior is so important because after noticing a particular behavior, you can then study the cognitive processes of someone to help them get a diagnosis for a particular disability or disorder.  I think one of the strongest arguments presented on the supporting side is when someone said that both cognitivism and behaviorism are both important and needed.",,,,,,,,,,
Sync essay,na,na,na,na,31035,na,na,na,na,na,"This was a very lively debate, and I really appreciated learning from my peers! The support side, I think, got a little bit drowned out by the opposing team. However, the points that they made were great and I don’t think any should be dismissed. They mentioned the following items: Science is lining up to show that we need to look at cognitive processes to make sure we understand how children begin to learn to read. Using what students already know will help students gain more information. Cognitivism allows students to have individual learning experiences by showing how the students learn. Cognitivism allows us to know the “how” of learning, not just the result. Cognativeismt helps grab students’ attention because you can tailor student experiences to their specific learning processes.Keeping in mind the prioritization of knowledge (it takes time to store information,) as well as levels of what should be taught allow students to succeed. We need to know when and where to teach, and how much depending on the age of the student. I would have loved to hear more from the support side (I was on the opposing side) because all the points they made were very good. Cognitivism scratches the itch I have for the rules, and the nitty-gritty of how learning actually takes place, while behaviorism is mostly focused on the behaviors that come as a result of, or influence the act of, learning.The opposing team was much louder, and so ended up with more points shared: Learning is influenced by more than just what is going on in the brain. Culture, behavior, etc When we set up learning environments, we pay attention to other things other than the brain workings–we can’t discredit these in how they help learning We would be denying ourselves data if we did not pay attention to other modes of learning about learning. In the past, we have learned about learning through different modes. Students have different attention spans than they did before. Every mind is unique, and so we should allow for different ways of learning as well. It is hard to self-report on cognition, which makes it hard to get empirical data. Behavior/relationships can be more important the internal processes when it comes to learning (AKA; they can almost overcome internal learning) Helps grab students’ attention because you can tailor student experiences to their specific learning needs A lot of times cognitivism just isn’t practical–you can teach without knowing the processes of the brain. Need to keep the reality of the world in mind–if we were learning in a vacuum, we could take an image of a student’s mind to figure out how they are learning, or set up perfect inputs for long-term storage. However, students are not learning in a vacuum, and so the external factors have to be taken in to account to understand how learning is taking place. The majority of arguments focused on the practicality and reality of behaviorism and its close relatives. Wanting to know the mechanism for storage and retrieval of information is all good and well, but it won’t help you if your learner can’t read the whiteboard because they need glasses. To ignore external factors and distractors in favor of only looking inward is unrealistic to how learning occurs. The only argument presented here that I might disregard would be that of attention spans. I do believe that researchers are still studying this, and that there are many different kinds of “attention” to the extent that a general idea of “attention span” is not a helpful category. People can still remain focused on a task/activity that gives them reason to keep focused. I’m not completely up to date on the science, but I think that, rather than having shorter attention spans, we just suffer from more distractions, as well as the habit of “attention switching” which is its own form of danger! I would be happy to learn more, though, and become more educated. As I mentioned in the debate, my opinion remains as it has always been: food needs salt and pepper, not just one or the other. While I have a greater appreciation for cognitivism and respect its place in learning, it is not “the best,” much like I would not argue that behaviorism is the best. It is merely one of many tools at our disposal to bring knowledge from one person to another.",,,,,,,,,,
Sync essay,na,na,na,na,37229,na,na,na,na,na,"For this debate, I was able to submit my positioning and claim separately and watch the debate after it occurred. After watching the recording, my final positioning on the statement is disagree to the statement: Learning can be best understood by studying the internal processes within the mind. I thought both sides made incredible points in supporting and opposing the statement, and I learned a lot from people’s personal experiences used in their arguments. Overall, however, I have to side with the oppose team because of the arguments that 19861 and I made in response to the supporting team’s points. The supporting team’s main arguments included emphasizing the importance of considering the internal processes behind learning and exhibiting certain behaviors, and how they differ with student age, mental cognitive disconnects/disabilities, and how we can rely on Piaget’s stages of development and other frameworks to understand and study learning. I thought the strongest argument made by this team was Quiqing’s story about her 6-year-old son receiving complaints from his teacher about his bad behavior. When Quiping had a discussion with the teacher about how young he is and how he may not have had the adequate cognitive development just yet to fully assume the role of an older child, the teacher immediately understood and was then able to use cognitive theory to understand his behavior. 19861 and I’s main points was noticing that the environment plays an extremely crucial role when it comes to examining and manipulating the multifaceted, complex nature of learning. We talked about social learning theory, Gagne’s 9 events of instruction and its importance of external events, and how modeling is super important in helping shape student behavior and teaching skills. The points that were made by us were unable to be responded to effectively by the opposing team, because behaviorist theory is extremely important in studying the effectiveness within learning. Overall, studying the internal processes within the mind is an important aspect to consider and study when understanding learning, however, other factors must be considered when teaching skills, knowledge, and behaviors to students for adequate retention of information.",,,,,,,,,,
Sync modality,na,na,na,na,85767,na,na,na,na,na,na,,,,,,,,,,
Sync modality,na,na,na,na,5259,na,na,na,na,na,"In an online class, I have never used Zoom or other synchronous video platforms. The only exception is for group project meetings. I think that using synchronous video to debate in class is great because it allows for the discussion to have an added layer of meaning since it is live in-action. I was unable to attend the debate, so the only issue is that in an asynchronous course students may not be able to attend due to a schedule conflict. One benefit of an asynchronous debate, such as a forum, is that you get time to carefully craft a response before responding to someone else. For me, I have difficulties responding to an argument “on the fly” since I need to carefully consider what I will say beforehand. I think that if I were able to participate in the Zoom session, I would have enjoyed it because it would have been an opportunity to engage with my classmates.",,,,,,,,,,
Sync modality,na,na,na,na,60407,na,na,na,na,na,"I have previously worked with Zoom, especially as a Digital Learning Coach, supporting students and teachers during the Covid 19 pandemic. I also use Zoom and other similar platforms for other statewide meetings for professional learning. Falling back on my in person debating experience, I felt a little more comfortable with the more “in person” nature of this debate. Though it was hard to always make points or be able to answer specific arguments because the conversation stayed from a point that was made before there was time to jump back in. Overall, it seemed more cohesive than the debates in the threads in module 4.",,,,,,,,,,
Sync modality,na,na,na,na,49753,na,na,na,na,na,"Yes, I have had prior experience with zoom in an online class. Last semester I had a class that zoomed once a week to discuss class readings. I think that using synchronous videos can be effective if there is more structure to the debate.  I preferred using the discussion board for debating because it was easier for people to participate. The zoom debate had a lot of people in the session which resulted in many people trying to talk at the same time. The discussion board allowed people to have sufficient time to read and respond meaningfully to their peers.",,,,,,,,,,
Sync modality,na,na,na,na,47520,na,na,na,na,na,"I am a class of 2020 high school graduate, so I am probably more familiar with Zoom than anyone ever wants to be. We started using Zoom in early March to keep in touch with our classes during our extended spring break. When I came to NCSU that fall, all my classes were over my camera in a Zoom class. I logged in from my dorm room for the first few weeks and that turned into an apartment after we were kicked off of campus. I do not mind using Zoom, I realize that not everyone is local, but I would always rather have an In-Person and Zoom option. I am just burnt out on Zoom after spending the entire first two years of my college career on Zoom. However, for this activity specifically, I think Zoom was the best technology that we could have used!",,,,,,,,,,
Sync modality,na,na,na,na,50400,na,na,na,na,na,"Although I have tons of professional experience using Zoom and other synchronous video platforms in the academic classroom setting, I only used it for group project work in my first semester of this program. This exercise was terrific. I enjoyed connecting with everyone and hearing their thoughts at our synchronous debate. I treated it as a ""practice"" for real conversations I might encounter when trying to convince stakeholders to agree to my training recommendations. I also enjoyed hearing my classmates' other points of view—it helped me connect with the material more deeply. This experience was completely different from our first debate because I couldn't think about my response. I want to give honest feedback for future classes, so I'd like to mention the following: 1. The 4 p.m. and 5 p.m. timeslots are almost impossible for most students with kids. We are either picking up our kids from school due to the bus driver shortage, or the kids are just coming home from school due to the buses running late due to the driver shortage. Also, many school open houses are still going on in September. I had to jump off the call and rush to make the last information session for my youngest's open house. 2. The vulnerability I felt when debating onscreen was higher than I had anticipated. I can imagine the shyer personalities struggled to get their points across. Having never met the group before the debate and focusing on ways to insert opposing opinions was difficult. Now, that's not necessarily a bad consequence. It just stood out to me as something I didn't expect.",,,,,,,,,,
Sync modality,na,na,na,na,35382,na,na,na,na,na,na,,,,,,,,,,
Sync modality,na,na,na,na,67222,na,na,na,na,na,"Yes, I have a lot of prior experience with Zoom. I think it was nice to debate in person, but scheduling can be a conflict at times. I felt a little more nervous to speak up because I was afraid to be challenged face to face but I felt like the conversion flowed better. There were also some difficulties being able to speak even when I wanted to over Zoom because of how the sound travels through the computers.",,,,,,,,,,
Sync modality,na,na,na,na,43179,na,na,na,na,na,"I completed most of the courses within my Associate in art program online. When I attended Wake Technical Community College, we mostly used Microsoft Teams for video conferencing. However, I used Zoom when I volunteered to tutor my Japanese friend in English using screenshare and the digital whiteboard. I enjoy discussions online as it gives plenty of space to construct and edit your ideas if you realize this is needed. I felt the debate over Zoom was more nerve-wracking because I prefer written communication. But I must admit that video chatting makes any discussion more interactive as you can simultaneously see and hear others in real time.",,,,,,,,,,
Sync modality,na,na,na,na,8036,na,na,na,na,na,"Previously, I used Google Meet for online learning, and I preferred debating in the class forum in the previous module. For a Zoom debate, I would prefer for the responses to be timed from each participant with an onscreen timer as well as an order for the debate.",,,,,,,,,,
Sync modality,na,na,na,na,40519,na,na,na,na,na,"I have had a lot of experience using Zoom for online classes, but I have to say it is not my favorite. I have a hard time focusing on people and their words if I cannot see their words or I am not in the same physical space as them. It's much harder for me to comprehend at the speed that is necessary for a debate when it is held virtually. While many of the arguments from both sides were strong and well thought out, I feel as though the debate forums had much stronger arguments made because everyone's thoughts were written out and clearly made.",,,,,,,,,,
Sync modality,na,na,na,na,59488,na,na,na,na,na,"In addition, I had prior experience using Zoom through group meetings with classmates, pitch meeting with instructor, and so on. But using synchronous Zoom debating is my first experience in LDT program, in other words, comprehending a concept through participating in debates is my first experience.  I felt a little pressure and struggled initially to articulate my idea in a very good logical and detailed manner. After discussing and writing this summary essay, I have noticed significant improvement in my debate skills. For instance, compared to debating over in Module 4, it requires more ability to respond synchronous promptly; and it may create some a bit challenges because there is not a balanced number of speakers on each side. Despite it, I was inspired by all attendances, and their strong speech and examples both for and against the statement. This experience encouraged me to think deeply and further develop my understanding in behaviorism and cognitivism theories.",,,,,,,,,,
Sync modality,na,na,na,na,42489,na,na,na,na,na,"Personally, I have a lot of experience using zoom. I think zoom is an excellent platform to utilize for synchronous debate in this class. Although we are not debating in person, zoom still provides the interpersonal factor into the debate rather than typing our responses on a discussion forum. I will mention that it is easier to answer the “After Debate Essay” prompted questions when we can see the responses typed out, but the debate itself is more intriguing when done over zoom. Zoom actually allows the interaction to feel like a debate since we can voice our opinions and provide counter-arguments quickly. I am excited to see how Discord will operate for the debate. I feel that Discord will allow us to provide quick counter-arguments and make it simple to identify how many arguments were offered on each side of the debate, and allow us to read over the strongest and weakest points easier.",,,,,,,,,,
Sync modality,na,na,na,na,60685,na,na,na,na,na,"I have never participated in a Zoom debate for a class, only for regular lecture style instruction and some small group breakout activities. I liked getting able to do a synchronous activity, it made my classmates seem like real people and not just names on a screen. I do like the forum debates a little better because I am more confident in my responses when I can type them out and think about them in advance instead of on the spot like how it was on Zoom.",,,,,,,,,,
Sync modality,na,na,na,na,64758,na,na,na,na,na,"I have a decent amount of previous experience using Zoom in online classes, though not in a debate format. My experiences were always either lecture based, or simply used for the purpose of group projects or small group discussions and study meetings. I do, however, think it's an excellent resource in general for online courses, but especially for a debate. I think it allows people to develop a better sense of body language and facial expressions when engaging in a debate, and is of course more immediate and active then the passive participation experience found within the discussion board format. I also think it can allow people to feel a bit more comfortable debating essentially in person, but without having to actually meet in person. This was something I noticed with this debate, where at first everyone seemed perhaps a bit nervous or awkward (especially because there hasn't been other in-person interactions for this class and we were assigned debate positions), but I think everyone's energy so to speak warmed up quickly; and everyone seemed more comfortable after a few minutes. However, even upon reading the transcript and re-watching the debate, I would say the arguments all appeared largely the same format as before, with not much nuanced takes as I was expecting and hoping for with such an interesting topic.",,,,,,,,,,
Sync modality,na,na,na,na,63749,na,na,na,na,na,"Yes, I do have prior experience using Zoom/other synchronous video platforms in online classes. I believe each of the debate experiences had its benefits. With this synchronous experience, you had to make sure that you identified some of the top claims you wanted to initially make as you don’t have the freedom to create multiple posts/initial comments as easily. The synchronous and forum discussions each were a positive experience to practice debating.",,,,,,,,,,
Sync modality,na,na,na,na,19861,na,na,na,na,na,"Yes, I have used Zoom before in other online classes. I personally didn't love having to debate synchronously because the reason I take most of my classes online is because I have a busy schedule. So I had to talk to my boss about making sure I was off at one of the times on one of the days we were debating. I liked debating on the forums better because I don't like having to talk in front of people.",,,,,,,,,,
Sync modality,na,na,na,na,31035,na,na,na,na,na,"I have used Zoom in some context before (work) but not really for any classes. (I know, amazing. I got through the whole pandemic without learning to use Zoom.) I was very nervous about a video debate—not because of the technology itself, but because I do not think well on my feet, and so any live debate will make me nervous. I am also not good at public speaking, and have had grades docked in the past for this weakness, so my nervousness is doubled because of past, and negative, experience. I learned more from my peers in this experience, especially when I got to read the transcript after words. I think my peers came to the debate much more prepared, since it was happening live. However, my learning, at least, came from reading through the transcript after words. I was too nervous during the debate to take in much of what they were saying at the moment!",,,,,,,,,,
Sync modality,na,na,na,na,37229,na,na,na,na,na,"Although I was unable to attend the live zoom session, the recording seemed to work very well in successfully administering a debate. The people were respectful, there were no technical difficulties, and it was a good way for people to talk and interact about the topic. My experience was different because in participating in the debate points live, I feel as though ideas can be better exchanged and developed.",,,,,,,,,,
Quasi essay,na,na,na,na,85767,na,na,na,na,na,"As a member of the opposing team, I argued that educators provide students with the intro/basics for understanding new material. Teachers introduce students to concepts, theories, and principles, which open the door for learning. Without this support, learners may not be able to engage in the material on their own. Members supporting the statement argued against this opposing thought saying that, “without active engagement and constructed knowledge from the learner, the information presented by the teacher is useless”. Members of the supporting team mentioned the learners are ultimately in charge of constructing their own knowledge and that the teacher is merely a facilitator. While their point was clear, it was argued that in order for a constructivist learning environment to be successful, the teacher is the only one that can construct activities that are meant to educate the learner. Furthermore, some learners are in need of support in constructing their own  that only a teacher can provide. After engaging in the debate, I realized the original statement holds truth but it also limits the teacher to a particular type of ‘instruction’. I think the transmission of information for classrooms functioning in the constructivist method occurs when teachers create activities that are meant to teach students in a way where they are held accountable for understanding certain information.",,,,,,,,,,
Quasi essay,na,na,na,na,5259,na,na,na,na,na,"The debate on whether “knowledge cannot be instructed (transmitted) by a teacher, only constructed by the learner” came with strong arguments presented from both the supporting and opposing sides. The key takeaway from the supporting side of the debate is that students must actively take initiative in their learning process in order for knowledge to be constructed. The teacher is there to lead them with the appropriate resources, but it is the student’s responsibility to process the information. Their argument reminds me of the phrase “you can lead a horse to water, but you can't make it drink.” This signifies that teachers can provide learners with all the necessary resources and activities to understand the materials, but learners need to make sense of the content to construct it. There are three distinct arguments made by the supporting side. This includes the notion that teachers only passively transmit knowledge through lecture and students must make sense of it themselves. Teachers are simply facilitators in the learning process. Hands-on experiences allow students to make connections and the teacher is there to be of assistance if needed. The strongest argument made on this team was by 42489. Their frequent citing of various sources in the textbook strengthened their argument. Providing the textbook reference pages served as supplemental material in support of their argument. After re-reading those pages, I found myself agreeing with their argument because it was supported by evidence. The key takeaway from the opposing side of the debate is that teachers play the critical role as a facilitator in the learning process. Teachers have been educated on and trained to instruct content in the best way for students based on their learning needs and prerequisite knowledge. Teachers design and deliver lessons and activities based on these components. With their guidance, learners can effectively construct knowledge because they are placed in a learning environment that facilitates this process. There is one distinct argument made by this side. This includes that teachers know the learning needs of students and take those into account when lesson planning. They know what types of questions to ask, what material to incorporate, and how to guide students in achieving their goals. The strongest argument made on this side was by 31035. Before presenting their arguments, they included definitions of terms that were significant in the post. This sets the stage for a strong argument. I appreciate their two ways of looking at the debate, through an “absolute” and a “practicality” lens. Based on the arguments made, it is evident that the learning process is complex. To say that “knowledge can only be constructed by the learner” has many limitations. In order for a learning environment to be effective, the teacher and student must have the willingness to participate. My final stance on the statement “knowledge cannot be instructed (transmitted) by a teacher, only constructed by the learner” is that I agree with the opposing side. While I do agree that knowledge must be constructed by the learner, teachers also play a critical role in this process. I came to this conclusion by considering how students learn in the Pre-K class I teach. I facilitate their learning process by asking them questions and providing them with the necessary materials to transfer knowledge. If this facilitation were not present, it would be more difficult for them to make connections, therefore, I feel that knowledge is instructed (transmitted) by both teacher and learner, not by the learner only. ",,,,,,,,,,
Quasi essay,na,na,na,na,60407,na,na,na,na,na,"Knowledge cannot be instructed (transmitted) by a teacher, only constructed by the learner. This week’s debate was both the easiest and most difficult for me. Firstly, the prompt I was asked to support was very close to my belief set about education, as I’ve largely used a constructivist approach to teaching for most of my career. So, finding examples and leaning on my own pedagogical stance helped form my central arguments for this week. But, this technology platform was the most difficult for me to use and, in my opinion, one of the hardest in which to develop a full discussion of points in an argument. Perhaps because I am new to this platform, or because I am an “geriatric millennial” “x-ennial,” the discourse here felt disjointed and as though people made the same arguments over and over again without advancing new ideas. As per Driscol and the video from this week, constructivism is premised on the idea that teachers do not convey all learning to students, but rather function as a facilitator, guiding students to learn and explore.  My background is that of an ELA and social studies teacher, and in my work I’ve guided students to explore materials that are impactful to them and have supported students when and where they struggle. Through inquiry and project based learning, students in my classes have an opportunity to deeply examine ideas and create products to reflect the learning they do during the course of a unit. While I assist them with certain aspects of the learning, I often learn alongside them as their questions sometimes move into areas where I might not have full expertise. My job as the instructor is to design the learning experience so students develop the skills, knowledge, and habits along the way as they find things they are curious about in the content we are learning. I felt as though few people clearly understood that constructivism isn’t simply leaving students alone to their own devices. Rather, it is a partnership between teacher and students to learn together and dig into material in order to give students space and ability to understand the knowledge they need to gain. I truly believe the most lasting knowledge is gained through these methods, as doing makes the knowledge more “sticky” for the learner. I will admit that I think it would be hard for any teacher to be a fully constructivist instructor who never uses cognitivism or behaviorism as part of their instructional plan. When fully immersed in PBL and inquiry learning work, I am probably around 80% constructivist, as there are times it is important to simply lay out guidelines or understandings. However, that learning is the least likely to stick in my experience, unless students then use it to make sense of the ideas they are learning and using in their work.",,,,,,,,,,
Quasi essay,na,na,na,na,49753,na,na,na,na,na,"There were five people assigned to argue for the opposing side, and five people assigned to argue for the supporting side. I think that 64758 had the strongest argument for the supporting side due to her explanation of the role of a teacher in regard to learning. Her explanation was thorough and did a good job defending the supporting position. I think that 50400 and 31035 had the stronger arguments for the opposing side. 50400’s use of evidence from the Driscoll text to support her argument was what made hers one of the stronger arguments. 31035 also had a strong argument for the opposing side due to her thorough explanation of the different positions and definitions of this topic. Overall, I think that the opposing side presented most of the stronger arguments because their responses were very thorough. Some of the weaker arguments were the ones that did not provide direct evidence from the Driscoll text to support their answers. It felt like there were fewer direct quotes from the Driscoll text in this debate than there were in previous debates. This made it challenging to refer back to the text in some cases. I also felt like the weaker arguments were the shorter statements that were not as thorough as ones posted by 64758, 50400, or 31035 (they had longer and more detailed explanations that strengthened their arguments). After reviewing the posts from all of my peers in the discord chat, my view point on the debate has remained the same. While the opposing team did seem to have stronger arguments, it was not enough to shift my position. The criteria I ultimately used to determine my final thoughts on the issue were based on my own experiences, and my thoughts on the reading. I still agree with the statement that knowledge cannot be instructed (transmitted) by a teacher, only constructed by the learner. I still support this argument due to what I know from the reading and what I have observed in my own teaching experience. For example, I could tell a student in my economics class about the best way to budget, but unless they practice making a budget for themselves, they will never truly learn how to use the skill. Students have to learn things for themselves, and that is why I have not changed my position that knowledge is constructed by the learner.",,,,,,,,,,
Quasi essay,na,na,na,na,47520,na,na,na,na,na,"There were both five supporting and opposing arguments in the debate on the claim that “Knowledge cannot be instructed (transmitted) by teachers, only constructed in the minds of learners.” From both sides, there were strong arguments for and against constructivism. I would have to say that the opposing side, which is the side that I happened to be on, offered more evidence for their claims. This was surprising to me, bearing in mind we read an entire chapter about constructivism this week. However, text from both this chapter and previous chapters were used on each side. The strongest argument that came from the opposing side was from 31035 about the practicality of constructivism operating well for every classroom and every student. This was something that everyone seemed to bring up on this side, but the way she formatted her post made it very clear what her claims were and where they came from. The strongest argument on the supporting side came from 60407 as she talked about constructivism opening the opportunity for self-awareness and knowledge growth. Although this was a strong argument, some things contradicted themselves when it came to initial instruction on how to behave, how to act during an assessment, etc. I think that the weakest argument on the opposing side was one that lacked definition and mention of topics from other chapters. This was nowhere near a weak argument, but I think was the weakest among the side. I would argue the same criteria was given for the weakest argument on the supporting side. When weighing every argument, I decided to read through them all and write down my favorites and what side they came from. Then, I went down to the basics of the argument and broke it down and took away the absolute word. This is important, but not as important as the rest of the argument itself. After this, I went to the text and read what had been cited to help me make my final decision. Inevitably, I still chose to oppose because of the absolute word; only, but I do agree that self knowledge construction is important.",,,,,,,,,,
Quasi essay,na,na,na,na,50400,na,na,na,na,na,"I was assigned the opposing view of ""knowledge cannot be instructed by a teacher, only constructed by the learner."" The word knowledge creates the path for both sides to debate. The opposing view students argued that novice learners—meaning new within the assigned learning subject— need teachers to help guide the learning process, especially when motivation and understanding are lacking. Those in support expanded the word knowledge to mean deep understanding. Supporters argued that a learner must construct knowledge to understand the material deeply. We can all easily argue both sides about any learning example brought up. Teachers hand down initial understanding to the learner, but deep understanding is from learners' experience and is ever-changing. Once again, we learn how theories work together in the real world. For example, a classmate on the supporting side brought up the connection between apprenticeships and constructivism. I proposed that the mentor in that scenario could be considered a teacher in the traditional sense. I can see both sides of our arguments. The mentor can provide the mentee with knowledge when the student is learning foundational trade elements, but the mentor can also allow the mentee to learn by doing. The scenario, learners' level of understanding, and learners' motivation play a considerable role in how much a teacher can help a student construct knowledge. The end goal should always be for a learner to construct their own understanding of a topic. ",,,,,,,,,,
Quasi essay,na,na,na,na,35382,na,na,na,na,na,"As with the other two discussions, the statement chosen is about defending a particular learning theory. Ultimately, it is impossible to defend using just one to explain how learning happens. I have been lucky to be on the opposing side for each of these arguments because it is the only defensible position. The arguments in support were centered around Vygotsky's zone of proximal development, learning as a social activity, learning as active mental work, using problem-based learning, and individualized learning goals. All the arguments are great for defending the merits of constructivism but aren't great for proving the statement that knowledge cannot be transmitted to a learner. The opposing views were focused on the importance of teacher guidance. Teachers facilitate high-quality interactions among students, enhancing knowledge construction. Teachers were also described as essential for efficiency in the learning process. Against the arguments that learners can only construct their knowledge through their own experiences, teachers were described as instrumental in the construction of experiences for learners. They guide students through the process of making connections through past experiences and play a crucial role in constructing foundational aspects of knowledge. Vygotsky was mentioned often in support of the statement, but it was argued that teachers provide scaffolding, allowing learners to grow beyond what they could achieve on their own. That scaffolding is the only thing makes the zone of proximal development work.",,,,,,,,,,
Quasi essay,na,na,na,na,67222,na,na,na,na,na,"After forming my own opinion and reading my peer's thoughts on the statement that “Knowledge cannot be instructed (transmitted) by a teacher, only constructed by the learner.” I would agree with my disposition of this statement. I feel as though the construction of knowledge is a process that is improved by the teacher-student relationship. The first step of learning is to listen or engage with others who know more than you and then you can go home and construct your knowledge yourself, but if you remove that first step then there is no learning to begin with. As stated before I do feel as though my peers on the opposite side of me had very good arguments. Reading their responses to this prompt made it difficult to oppose the statements because of how strong their arguments were. Even though the arguments were very good on the supporting side I was not swayed in my opinion about the statement. I also feel as though my peers who were on the same side of the argument as me had great evidence and support for our side as well. We were able to collaborate and feed off of each other's thoughts and opinions in order to make our overall argument stronger.",,,,,,,,,,
Quasi essay,na,na,na,na,43179,na,na,na,na,na,"Of course, as in any absolute statement, there will be debate regarding its validity or inaccuracy. The position of our class discussion states, ""Knowledge cannot be instructed (transmitted) by a teacher, only constructed by the learner."" This assertion relates to constructivism, which is the epistemology that emphasizes the student as the director of their learning with the limited interference and intervention of the instructor. Knowledge does not develop only because of the teacher or student; it must be a collective effort. I noticed that the team who offered refutation to the opening position adhered to behaviorism, which reflects the traditional approach to the classroom environment where the teacher designs lesson plans and disciplines the pupils; students passively follow the classroom rules and expectations. An argument against constructivism is that subjects that require extensive training should involve direct instruction from a skilled and experienced individual. Imagine if surgeons or architects only used YouTube videos and online courses in medical school. Having people train themselves in highly skilled disciplines would be a nightmare for their customer base. Another potential issue with constructivism is that students need careful guidance to become critical and reflective learners. If teachers take too much of a hands-off approach in the classroom, the students will not receive a strong enough foundation of skill sets and strategies they can use in future classroom activities and assignments. However, student-centered learning can create lessons that are more inclusive and reflective of the needs of the individual learners. Driscoll (2005) states that constructivism is the process by which students adopt and adapt new information to add to previously learned topics. Collaborative instruction allows peers to teach and challenge others about what they know and are attempting to learn. According to an American Physicist, Frank Oppenheimer, "" the best way to learn is to teach."" It is essential to give students opportunities to apply their learnings in projects and team projects to acquire a realistic perspective of how the knowledge applies to reality. However, the teacher should engage in direct instruction to model and provide clarifying details to help students categorize and organize knowledge effectively.",,,,,,,,,,
Quasi essay,na,na,na,na,8036,na,na,na,na,na,"The opposition argued against the assumption that “knowledge cannot be instructed (transmitted) by a teacher, only constructed by the learner.” There were five participants listed in support and four in opposition, however, only three participated in opposition at the time of writing. Both sides presented evidence from the readings for the week and strongly defended their stance with convincing arguments. The support team won the debate because they had more supporting points for the assumption. Most participants responded to the arguments presented but only a few used the opponent’s arguments to refute their point. There were also few closing arguments. One argument that gave me pause was related to students with disabilities. That was a topic that I do not think was addressed well in the readings for the week and I deliberately did not respond to that argument. I had inadequate evidence to argue the point. I believe that teachers play an important role by providing students with guidance and support, as well as create learning environments that are conducive to active learning. In doing so, they facilitate learning. An effective approach to teaching is to provide students with opportunities to actively construct their own knowledge. This can be done through hands-on activities, problem-solving, and collaborative learning experiences. In these settings, students are encouraged to think critically, ask questions, and share their ideas with others. As students engage in these activities, they are able to build their own understanding of the concepts being taught. They are also able to develop their critical thinking skills and learn how to apply their knowledge to new situations. In conclusion, I believe that when students are actively engaged in the learning process and constructing their own knowledge, they are more likely to learn and retain the information. Additionally, they are better able to apply their knowledge to new situations.",,,,,,,,,,
Quasi essay,na,na,na,na,40519,na,na,na,na,na,"For our activity 5 debate, we were assigned in support or opposition of the prompt “Knowledge cannot be instructed (transmitted) by a teacher, only constructed by the learner.”. I saw strong arguments from both sides of the debate, but the opposition presented more arguments against the prompt. Some of the strongest opposing arguments cited that knowledge is first constructed by the teacher and then attempts to inspire the students to construct their own knowledge through the lessons. While this is a valid statement, my original supporting beliefs were somewhat opposite. Teachers do play a vital role in creating a strong and inviting learning environment for all students, but if the students themselves dont have the desire to learn then it makes the teacher’s job more difficult. My main thoughts originally supporting the prompt was the old saying “you can lead a horse to water but  you can't make it drink '',  in the sense that teachers can bring everything to the table for the students, but the teachers cannot force the students to think/construct their own knowledge. There was a comment or two in my post saying that my views were unrealistic for today's society. They had a fair point, but to the prompt, only the student can construct their own knowledge. It would be a lot easier in life if we could connect our brains to one all powerful computer that would think for us, but that is just not the case. My ending views on this debate is not far from where I started. I do believe that only students are able to construct their own knowledge and should be done through active participation in lessons created by the teacher. Teachers are vital to our education system and without them our society would be in shambles. Teachers provide the base information necessary for students, show them how to recall information, and how to apply the information. Even so, it is still up to the student to build off of that base knowledge and create their own scaffolding for further learning. As cited in the debate by a fellow supporter, “learning is active mental work, not a passive reception of teaching (Woolfolk, 1993).",,,,,,,,,,
Quasi essay,na,na,na,na,59488,na,na,na,na,na,"After carefully reviewing all of the arguments presented on both sides of the debate, my final position and viewpoints on the debated claim agree with that statement. The supporting argument and examples are numerous, and the opposing argument and examples are weak. I support that knowledge can only be constructed by the learner, not be constructed, or transmitted by a teacher. Learning is a social activity; every student's interaction with others is essential for knowledge construction; they begin the learning journey with some prior knowledge and then build their understanding on top of that. For example, medical students rely on heuristics rather than well-formed rules to successfully diagnose a medical problem (p395). Heuristics refers to students actively participating in determining their own learning needs and how those needs can be best met to solve the real and unique medical symptoms they encounter. Instructors discovered that when medical students rely too heavily on ""direct instruction"" from a teacher or oversimplify general theories, they disregard unique or puzzling symptoms and make diagnostic errors. As a result, instructors take on the role of facilitator rather than director, and students construct and reconstruct their own knowledge. One argument from the opposing side is that teachers play a critical role in the learning process by introducing students to concepts, theories, and principles. While this is true, it's important to note that it's only the first step in the learning process. Without active engagement and constructed knowledge from the learner, the information presented by the teacher is useless. In our current debate discussion, for example, the professor's creation of a complex, realistic, and social environment has allowed us to delve deeply into the question of constructivism's validity. We are now actively thinking, drawing on our individual past experiences, and listening to other classmates' perspectives to construct and reconstruct our understanding of the knowledge presented in the textbook. The opposing side also argues that special education learners may have difficulty learning by themselves and need extra one-on-one help to construct knowledge. However, constructivism creates a social environment that is realistic and relevant, providing a good chance for special needs learners to connect with the real world. In this educational environment, they can learn from examples and learn by doing, enabling them to achieve deep levels of understanding and construct knowledge themselves. While the teacher-centered approach is more effective than the student-centered approach for enhancing academic achievement, only the active learner is a successful learner.",,,,,,,,,,
Quasi essay,na,na,na,na,42489,na,na,na,na,na,"The claim being debated this week states that, “Knowledge cannot be instructed (transmitted) by a teacher, only constructed by the learner.” After analyzing the arguments from individuals on both sides of the claim, I formed my final position as neutral, neither agree or disagree with the claim. My final position to remain neutral was a result of the following criteria: the number of arguments, which arguments were backed with evidence, what side of the claim had weaker arguments, and the overall quality in each response on both sides of the claim. When reading through the Discord responses, the number of arguments posted were pretty much the same amount for both sides of the claim. Majority of the claims posted on Discord had a counter-response from someone on the opposite side of the claim. Each side posted reasonable arguments that were sound and justified. When reviewing stronger arguments provided on both sides, individuals from each side of the claim incorporated evidence from the text or from personal experiences. On the supporting side, 43179 makes strong arguments that learning is an active and continuous process. Learners have to store and process information, in addition to adapting in order to perceive the external experiences around them. She also alludes to the idea that constructivism is similar to other theories such as Piaget’s Developmental Model or Vygotsky’s & Bruner’s idea of reconstruction of knowledge. 49753 also provides evidence from Driscoll which mentions that “knowledge is constructed by learners as they attempt to make sense of their experiences” (2004, pp. 387). There were also a couple arguments that were backed by evidence on the opposing side. 31035 provided definitions for behaviorism, cognitivism and constructivism, and proceeded to oppose the claim because of absolutes and practicality. 5259 provides examples of ways that teachers actually transmit knowledge to learners using various instructional tools and strategies. Each side presented strong arguments to advocate for their side of the claim. The opposing side did provide some weaker arguments regarding some examples and also primarily focusing on the terminology of the claim. 50400 opposed the claim by using examples regarding richer application and societal norms such as teachers addressing students who “run in the hallway or parents of adopted children learned from adopted grown-ups how to be better parents.” I provided a counter-argument that suggested that students still have to form the construct on their own of why it is not reasonable to run in the hallway. Addressing the other example, a child who was raised without parents or in a struggling home and later adopted, has an innate desire to be better like those parents who adopted them for their own offspring. Therefore, creating a sense of self-regulation and willingness to learn. In addition to the weaker examples opposing the claim, some individuals specifically targeted the word “only” suggesting that people do not only learn through constructing their own knowledge and experiences. Majority of the arguments presented on either side of the claim were reasonable, justified, and valid. I decided to take a neutral stance on this claim because the supporting side provided substantial evidence supporting the theory that knowledge is constructed by the learner. Whereas, the opposing side had sound reasoning as to how teachers transmit knowledge and instruct learners on how to achieve specific learning targets. ",,,,,,,,,,
Quasi essay,na,na,na,na,60685,na,na,na,na,na,"Much like last week, I was in the “agree” team and I still do conditionally agree with the statement, “knowledge cannot be instructed (transmitted) by a teacher, only constructed by the learner. I say conditionally because I think teachers play an important role in the learning process, so important that it could not occur without them. That being said they are not the whole process, the active learning on the part of the student is the final key to learning occurring on a significant level. In the debate, I think it was said nicely when teachers were described as “facilitators” of learning not transmitters of learning. A counter argument to this was that if teachers are only facilitators, then we would not need the traditional classroom setup and role of teachers that we have today. I think this was one of the better counter points, but its flaw is that it ignores settings similar to this where online learning still allows for adequate learning with a teacher in the facilitator role, providing students with the things they need to construct their own knowledge on a topic. Again, I think that support team had more supporting points. This is a common theme from all three debates.",,,,,,,,,,
Quasi essay,na,na,na,na,64758,na,na,na,na,na,"As far as this debate’s content goes, I personally agree and disagree with the statement, though my assigned position was to support. I think most people, if using the right resources and with the right motivation, can essentially teach themselves anything and construct knowledge. However there are definitely instances where a teacher is required to impart knowledge. For example, I was at one point a phlebotomist, and that is not a field or skill that one could (or should) attempt to teach themselves proper venipuncture technique. I needed to go through a specific certification course with a teacher instilling the knowledge and skills, and then needed said teacher to continue oversight as I practiced the new knowledge; it couldn’t all be constructed by me. This is also an example where I think some contributors of the debate may have gotten confused. There, to me, seemed to be some confusion between the differences of one constructing new knowledge, and applying knowledge after it has been transmitted via a teacher.",,,,,,,,,,
Quasi essay,na,na,na,na,63749,na,na,na,na,na,"For Module 6’s debate, the statement for discussion was “Knowledge cannot be instructed (transmitted) by a teacher, only constructed by the learner”, a common position held by many constructivist theorists. One of the arguments for supporting the statement was that learning is a social activity and also that everyone’s learning journey begins with some prior knowledge that is expanded/built upon as we generate new experiences. Also, information can be presented by an instructor but it is still up to the learner to make use of the information presented. As an example of the supporting side of the debate, one participant noted that the debate was an example of knowledge construction by the learner. Another argument made for supporting statements was that young children/infants who are not in school still learn/construct knowledge even though they may not have a ‘teacher’ (school/formal teacher besides parents). One argument made opposing the statement was that educators sometimes provide the introduction of some new concepts to students and thus initiate learners being able to learn content. Another argument made by the opposing side was that instructors can provide access to a wide variety of resources which would help to “enrich” the learning experience and also help the process of students making connections with experiences and prior knowledge. Teachers can also help with seeing where students may have not fully grasped a concept (for example with a math course).",,,,,,,,,,
Quasi essay,na,na,na,na,19861,na,na,na,na,na,"My final position on the debated claim ""Knowledge cannot be instructed (transmitted) by a teacher, only constructed by the learner"" is that I strongly disagree with this statement. I think a lot of the knowledge I have has been transmitted by teachers. I think that our school systems are set up the way they are because teachers guide students towards learning certain information that they may not come across otherwise. I think formal education is extremely important. I do think that knowledge can be instructed by the learner but the statement says knowledge can only be constructed by the learner. I think the opposing side presented more arguments to support their position. We gave different examples of how teachers transmit knowledge. I think the opposing side gave good examples for how learners construct knowledge, but not enough about how teachers don't transmit knowledge. I felt like they weren't arguing for how knowledge can only be constructed by the learner. The strongest argument presented on the supporting side would be ""Each individual has their own set of prior experiences and prior knowledge on things. Based upon new experiences, students will begin to construct new knowledge and incorporate the new experiences into their knowledge."" The strongest argument from the opposing side would be, ""I oppose the statement and want to argue that educators provide students with the intro/basics for understanding new material. They introduce students to concepts, theories, and principles, which open the door for learning. Without this support, learners may not be able to engage in the material on their own."" I believe that both learners and teachers can construct/transmit knowledge, and it is not only the learners that can do so.",,,,,,,,,,
Quasi essay,na,na,na,na,31035,na,na,na,na,na,"Another great opportunity to learn from my peers! I’ve gathered a good sample of the arguments made by each side, but will summarize them below as well. Supporting: Knowledge is actively constructed by a learner, built on previous background knowledge. This differs from what a teacher usually does: passively transmit knowledge via lecture. Passive learning does not allow students to actively make connections between information. Information sticks better if the information is taught in context- specific environment. Encourages practicing the behavior/what is learned. Teacher’s role should be to facilitate: Integrate learning experiences with their existing understanding of the world. Apply experiences that are related to students’ prior experiences. Meaningful learning is rarely solidified by simply listening to another person lecture. Apprenticeship models are a thing. Experiences are the impetus that gives knowledge directly to the learner. Opposing: Teachers have a role: When the topic is not easily learner-driven (ex: maths). To explain why something is beneficial. To organize the opportunity to learn and set up good environments for learning. Share basic information that students would waste their time learning otherwise or to quickly correct student misunderstandings. Developing a student/teacher relationship to increase buy-in. To provide structure. Hard to take full ownership of learning, especially when students do not have the self-sufficiency to do so. Creating “complete and relevant” environments is hard and expensive to do. If knowledge cannot be instructed/transmitted, why are children sent to preschools, etc? Constructivism is already very closely tied to the other theories we have learned about. It is impossible to break them apart. Most supporting arguments stressed the importance of constructivism’s innate and inbuilt active learning, as well as the helpfulness of learning within the context of the problems the students will have to solve. They also corrected misunderstandings about the role of an instructor within constructivist experience: learning might not be transmitted by the instructor, but the instructor does have a place in learning. They are there to create the correct environment for learners, as well as support and encourage them to reflect and ask questions. Most opposing arguments stressed the importance of the instructor for roles that they might not be able to hold in a constructivist learning environment. Arguments also talked about the difficulty of asking students to take full ownership of their learning, especially when they don’t have the self-sufficiency to do so. Arguments also talked about the difficulty (and thus impracticality) of creating the “complete and relevant” environments constructivist theories require. One argument I will make against constructivism within a formal education setting is that I don’t think it is often done right. I’ll be using my high school chemistry class for a couple of examples. In this class, we used lots of learner experiences to teach us principles. I remember the activities (making ice cream, boiling eggs, etc) but I don’t remember what principles it was supposed to teach me. The same thing happened in the two chemistry classes I had to take in college. I attended the lectures, and learned the material. Then, I had to waste several hours of my busy week going to a lab that did nothing to reinforce the learning that I had already done. I still think there is a place for instructors, especially if the instructor holds space for students to ask questions that arise. This one of the roles an instructor plays in constructivism. I don’t see any harm in explaining to students why they are learning something, and what the learning should teach them. Instructors can then allow the constructivist activity afterwards to help students apply the learning in a way that sticks with them. For example of where this concept could have helped: my high school chemistry class. We had to complete an activity, without a lecture, in order to learn a principle. I never learned the principle, and the instructor never covered the information in class. I did the experiment (incorrectly, I might add, but had no concept of the “correct way” to do the experiment) and to this day, I don’t know what I was supposed to have learned from it. In this regard, the constructivist theory failed my learning, and it could have been saved by the power of an instructor. All that complaining aside, I actually do love the concept of Constructivism, done right. At the end of the debate, I still feel much the same as I did at the beginning: constructivism is already so closely tied to other learning theories that it would be impossible to have constructivism without the other learning theories. BUT, I do think there is a great place for constructivist theories in the world. I love the buy-in that comes when students construct their own learning and models of the world. This is a design practice that I use frequently in my own consultations: allowing student choice creates more buy-in all around.",,,,,,,,,,
Quasi essay,na,na,na,na,37229,na,na,na,na,na,"Final Position: Neutral. For this debate, I was assigned to oppose the statement above. I thought both sides of the argument gave solid evidence-based points, and the conversation was well divided and discussed through the Discord server. Originally, when I read the statement for the debate, I was on the supporting side, however, through my research into opposing the statement, I noticed how it can be construed into arguing for the opposition. I thought the strongest argument from the supporting side was that learning is a social activity that involves the student as the main aspect of the process, integration of the quote of “learning is active mental work, not passive reception of teaching,” and how students build on their past experiences by learning new skills, behavior, and knowledge and connect through new experiences. The strongest arguments stated by the opposing team was that how teachers support, guide, and structure the learning experience for students and provide resources and the environment for new knowledge, skills, and behaviors to be learned and implemented. After participating in the debate and reading everyone’s statements, I would finally land on a final position in my stance to be neutral. I think that knowledge has its place in being instructed and transmitted by a teacher, but also in solo construction by a learner. This entirely depends on defining the process of learning and what environment we assume it to take place in. I think teachers are instrumental to guiding students (especially younger ones) through constructing their knowledge and providing them with the resources to do so. However, as we grow and develop, we still can take aid from instructors and teachers, but the most impactful and meaningful learning experiences occur when they are constructed on our own. Overall, a great and interesting debate to partake in!",,,,,,,,,,
Quasi modality,na,na,na,na,85767,na,na,na,na,na,"Using Discord as a debate platform was an interesting way to create a space for conversation to occur. Personally, I had a hard time keeping up with the statements as they did not appear as full threads. Scrolling up to read the statement and then back down to read the reply was a bit crazy making. After participating in all three debates, I preferred using the forums  in Module 4. In my opinion, Slack might have been a better option than Discord as you can read all the threads on the right side of the screen. ",,,,,,,,,,
Quasi modality,na,na,na,na,5259,na,na,na,na,na,"Using Discord for educational purposes is fairly new for me. This is the second time I have ever used Discord to communicate with a class. Last semester I took the course CSC 281-Foundations of Interactive Game Design, where class communication took place over Discord. In my opinion, I find navigating through messages in Discord to be challenging. Scrolling through one long feed to read everyone’s argument felt disorganized and slightly overwhelming. For example, when someone hits the “reply” button to respond to someone else’s argument, it only gives the first few words of the original post. I would then have to go back and find the original post in order to read the full argument to fully understand the response they were given. Overall, I think it is exciting to try new ways to have debates, but I prefer using Moodle or Zoom to hold these debates because I find it easier to locate an argument, determine whether the poster was on the opposing or supporting side, and also view other responses to the argument.",,,,,,,,,,
Quasi modality,na,na,na,na,60407,na,na,na,na,na,na,,,,,,,,,,
Quasi modality,na,na,na,na,49753,na,na,na,na,na,"This was my first-time using discord or online instant messaging in an online class. I did not find this platform as effective for debating. I struggled with keeping up with the flow of the conversation, and found it took a while to figure out how to reply to my peers. Discord was the least beneficial to me compared to the other debates we did using zoom and a discussion board. I think that the discussion board was most helpful in expanding my knowledge of the topics we debated because it was easier to read each person’s initial post and all of the responses.",,,,,,,,,,
Quasi modality,na,na,na,na,47520,na,na,na,na,na,"I have used Discord for one club in the past. I personally do not like discord as a form of communication. I think that the format makes it hard to follow threads and replies in a type of discussion like this. If it were used for a question/answer forum or used as group chat, it would be okay. Personally, I liked the set up of the asynchronous debate on moodle discussions better than I did via discord. I also liked the moodle debate better than zoom, but as I have talked about previously I may have some zoom biases being class of 2020.",,,,,,,,,,
Quasi modality,na,na,na,na,50400,na,na,na,na,na,"I’ve had no other experience using Discord or any other instant messaging app in a class. Because I used it on my phone, I had to scroll back and forth too much to read all the replies. I regretted not using it on the desktop. Other than that, I liked being able to respond from anywhere. I also liked that it was easy to see who was replying to what comment and how I could “like” someone’s comment without responding. I enjoyed this platform the best out of our three sessions. It felt less formal, and I noticed that people were more willing to dive deeper into debating the two views—that might be a byproduct of being more comfortable after our two other sessions.",,,,,,,,,,
Quasi modality,na,na,na,na,35382,na,na,na,na,na,"I have some experience with discord. I would prefer nested threads if using discord again. That way the discussion on different aspects of the arguments could be easily accessed and read. I think IM for a debate wouldn't work in a group setting. I much prefer zoom for a debate, though I would prefer more structure during the debate.",,,,,,,,,,
Quasi modality,na,na,na,na,67222,na,na,na,na,na,I have heard of Discord but never really used it before this discussion. I liked the convenience of Discord and it was easy to directly reply to others. I would rank this second out of the three other discussion forums we did. I found that learning discord could be difficult for others and sometimes the screen became unorganized and difficult to see who was responding to who.,,,,,,,,,,
Quasi modality,na,na,na,na,43179,na,na,na,na,na,"I have not had direct experience with Discord. I have heard of Discord among gaming streamers. I never thought  I would use Discord in an academic context. I enjoy engaging in asynchronous debates and discussions because this format allows me to pace myself in peer interactions. While I appreciated the Zoom debate in the previous module, I enjoyed not worrying about turning on my camera and microphone in a live discussion for this week's module. Instructors must provide diverse activities for students to apply their knowledge in different situations.",,,,,,,,,,
Quasi modality,na,na,na,na,8036,na,na,na,na,na,"I have not used Discord or another instant messaging app in previous classes. Discord was my least favorite debate method. I believe instant messaging has its place in debates, however, I would choose Google chat or another application instead of Discord. It was a challenge to review the responses to find out who each participant was responding to unless I read the response in real time when it was originally sent. To build comfort and be flexible with in class debate, I would be willing to try both Zoom and Discord again as those were my least favorite methods.",,,,,,,,,,
Quasi modality,na,na,na,na,40519,na,na,na,na,na,"As for using instant messaging for an online class, I think it is a great option. I believe it encourages more participation especially in asynchronous classes throughout the week. I have used Discord in the past, I'm not the biggest fan, but that's due to not knowing how to use it fully. I think instant messaging is a good option for a debate, but it needs to be moderated in any capacity. Similar to the Moodle debate, I believe this debate went more smoothly than the zoom debate and had stronger arguments made. My only qualm against asynchronous debates is that some people don't participate, or participate at the last minute which makes the experience more difficult to complete early.",,,,,,,,,,
Quasi modality,na,na,na,na,59488,na,na,na,na,na,"I have not had the opportunity to use Discord in an online class before, but I found the experience to be positive. Discord provides a realistic and complex social environment where individuals can have deep conversations to better understand each other's perspectives. Additionally, the application is easily accessible on both phones and computers, allowing for convenient review and the ability to consider arguments anytime and anywhere. In comparison to debating over forums or using Zoom, I prefer using Discord as it allows me enough time to accept learning challenges, create presentations, generate ideas, test my understanding, and publish my thoughts for others to consider. Through this learning experience, I have found that I was constructing knowledge which has strengthened my agreement with this statement.",,,,,,,,,,
Quasi modality,na,na,na,na,42489,na,na,na,na,na,"Personally, I did not have any prior experience using Discord until this module in this course. I have utilized Groupme and Remind in other classes to participate in group work. I think that instant messaging is an effective tool to use for online debates in this class. Discord is easy to operate and follow along with. I found Discord to be more engaging than discussion forums and it allows for quicker responses and counter-arguments. I believe debating with the Discord app is an effective strategy to use in a distance education setting. I do not think that Discord is necessarily better to use over Zoom, but it can help to meet the varying time schedules of students in a distance education course who may not be able to attend a Zoom meeting.",,,,,,,,,,
Quasi modality,na,na,na,na,60685,na,na,na,na,na,"I do have some prior experience with Discord, one other class I took previously used that as the main form of communication. I missed the initial post on Wednesday so I can not speak on that specifically, but overall I don’t dislike or like it. I do favor Moodle more just because I am more familiar with it. Again, since I missed the initial post this was very similar to the debate from module four.",,,,,,,,,,
Quasi modality,na,na,na,na,64758,na,na,na,na,na,"I do have some minor experience using discord within online class settings, though it was only used to conveniently connect with study partners or for discussing group projects. I’m regards to using it for a debate format, I could see multiple pros and cons. For instance, being able to instantly read and respond, even from my cell phone, was highly convenient; plus, as with the discussion board format, I really liked being able to have full written record of everyone’s points that I could consistently review. However, the format of discord being a continuous, thin thread makes it more difficult to keep up with each person post and response. With the discussion board, you can more easily see each contributor’s initial post and then they’re responses tabbed in from other posts. But on discord, it can be a little tricky to see someone’s first post, as you have to scroll all the way up, and then try to make out which posts they responded to. If I had to rank the debate format options, I would rank the discussion board as my top choice, discord as my second, and Zoom as my third. I’d place Zoom last simply because my experiences with online classes is that most people are taking online formats because they have other life obligations that make it difficult or practically impossible to attend on campus courses. So trying to schedule everyone for a particular time for a Zoom debate may not always be feasible or practical for some students, whereas the discussion board and discord formats are more convenient and can be accessed easily throughout the assigned week.",,,,,,,,,,
Quasi modality,na,na,na,na,63749,na,na,na,na,na,"Yes, I do have prior experience using Discord/other instant messaging for an online class. It has been a while though since I have used it for debate/discussion purposes and not just for communicating with other classmates for class material. Compared to the forum, sometimes it could be a little harder to see the initial post someone is replying to. However, on Zoom you don’t have that option anyway, so it is just a difference in forum. A potential advantage to this avenue of debate compared to the forum in Moodle is that if you have notifications on you can at least see or review a post quicker compared to the Moodle forum.",,,,,,,,,,
Quasi modality,na,na,na,na,19861,na,na,na,na,na,"No, I have not used Discord in an online class before. I have used Slack though. I think that it is better to debate using the forums in Moodle because I think it is just as effective as Discord. I liked Discord better than Zoom but I liked the forums the best. I prefer to not have to get on a call at a certain time or make my first posts in Discord during a certain time period because I take online classes because they are asynchronous and work best with my busy schedule. So I don't like when I have to do things at a certain time in an asynchronous class.",,,,,,,,,,
Quasi modality,na,na,na,na,31035,na,na,na,na,na,"I have used discord before, and use it quite regularly, but not for online classes. I mainly use the chat function, though I have used its video capabilities before as well. While I like discord, I do remember it being strange to navigate through at first.  I think I liked it more than the forums, as I didn’t have to click in and out of threaded replies. Reading was quicker because it was scrolling. The con of discord might be talking over each other. I liked the informalness of the discord setting. I think it struck a nice middle ground between the forum (almost completely asynchronous) and the zoom call (almost completely synchronous.) The requirement of posting between 4-6 definitely helped foster a discussion, since everyone posted around the same time.",,,,,,,,,,
Quasi modality,na,na,na,na,37229,na,na,na,na,na,"I’ve never had the experience of debating through Discord before, but I thought it was a cool way to instantly message other students with our points and thought it was very seamless! I thought this was one of the best ways we communicated through debating over the forums in Module 4 and Zoom in Module 5.",,,,,,,,,,
Quasi,1,na,na,na,1,na,2023-10-01,23:03:00,na,na,"Hey everyone! Thanks for taking the time to join Discord and get set up. Over the next few days I'll be adding more folks to this chat for the debate. Please make your initial posts between **4-6pm on Wednesday, October 4th**. In the meantime, feel free to use the #general chat to get used to the chat features if you'd like.",:thumbsup:,40519,,,,,,,,
Quasi,1,na,na,na,1,na,2023-10-04,16:01:00,na,na,"Supporting team: @reagan osborne @qiuqing @Kels @Simone S @Avalyn 
Opposing team: @Danielle @kebeasl2 @leespeakslatin @Jacqueline Verkuilen",,,,,,,,,,
Quasi,1,na,na,na,1,na,2023-10-04,16:01:00,na,na,Pinned a message.,,,,,,,,,,
Quasi,1,na,na,na,40519,1,2023-10-04,16:01:00,na,na,"In support of the prompt ‚""Knowledge cannot be instructed by a teacher, only constructed by the learner I want to first makre the point that the goal of teaching is to create experiences for learners that encourages them to facilitate their own learning. Looking at Vygostsky's zone of proximal development, it was found that learning is most effective when the learners are engaged in challenging tasks. While instruction is a valuable portion of the learning process, instruction alone is not sufficient.",,,,,,,,,,
Quasi,1,na,na,na,19861,1,2023-10-04,16:01:00,na,na,"I strongly disagree with statement ""Knowledge cannot be instructed (transmitted) by a teacher, only constructed by the learner."" I feel like if this statement were true then we would not have our education system set up the way we do. My teachers were an integral part of my learning. I think teachers provide motivation for learning, that we would not otherwise have as individuals.",,,,,,,,,,
Quasi,1,na,na,na,59488,1,2023-10-04,16:04:00,na,na,"I strongly support that knowledge can only be constructed by the learner, not be constructed, or transmitted by a teacher. Learning is a social activity; every student's interaction with others is essential for knowledge construction; they begin the learning journey with some prior knowledge and then build their understanding on top of that. For example, medical students rely on heuristics rather than well-formed rules to successfully diagnose a medical problem (p395). Heuristics refers to students actively participating in determining their own learning needs and how those needs can be best met to solve the real and unique medical symptoms they encounter. Instructors discovered that when medical students rely too heavily on ""direct instruction"" from a teacher or oversimplify general theories, they disregard unique or puzzling symptoms and make diagnostic errors. As a result, instructors take on the role of facilitator rather than director, and students construct and reconstruct their own knowledge.",,,,,,,,,,
Quasi,1,na,na,na,40519,19861,2023-10-04,16:06:00,na,na,"I agree that teachers provide motivation and are integral to the learning process, but if the students are not willing to learn/refuse to participate, then some of the teachers efforts are missed on those students. The students need to have the initiative to want to learn",,,,,,,,,,
Quasi,1,na,na,na,19861,40519,2023-10-04,16:13:00,na,na,"Yes, that is true. You can't force a student to participate. However, there have been students who really struggled in school or did not like school and then a teacher really impacted them and helped them. This then caused them to do better in school. Sometimes students do not have good role models at home and teachers can be one of their only positive role models.",,,,,,,,,,
Quasi,1,na,na,na,59488,19861,2023-10-04,16:14:00,na,na,"I agree with what you say about the importance of the teacher's role in our education system. However as stated by Woolfolk (1993) ‚""learning is active mental work, not passive reception of teaching‚"". Students construct new knowledge based on their own unique experiences Because everyone enters learning activities with their own experience.",,,,,,,,,,
Quasi,1,na,na,na,85767,1,2023-10-04,16:17:00,na,na,"I oppose the statement and want to argue that educators provide students with the intro/basics for understanding new material. They introduce students to concepts, theories, and principles, which open the door for learning. Without this support, learners may not be able to engage in the material on their own.",,,,,,,,,,
Quasi,1,na,na,na,19861,85767,2023-10-04,16:21:00,na,na,"I agree with you. It was argued by the supporting side that students begin their learning journey with some prior knowledge and build off of that. However, I would argue that in elementary school most of the things being taught are brand new concepts to the learner.",,,,,,,,,,
Quasi,1,na,na,na,59488,85767,2023-10-04,16:29:00,na,na,"I don't agree. It's true that educators play an important role in introducing the stage, but it is also important to recognize that this is only the first step in the process of learning. Without active engagement and constructed knowledge from the learner, the information presented by the teacher is useless.",,,,,,,,,,
Quasi,1,na,na,na,85767,59488,2023-10-04,17:31:00,na,na,I would like to argue that in order for the active engagement to be quality and educational the teacher must facilitate high quality interactions among students that support the information and the students interactions with it. These teacher constructed/led/facilitated back and forth interactions with the information and knowledge enhance the construction of knowledge.,,,,,,,,,,
Quasi,1,na,na,na,37229,1,2023-10-04,17:32:00,na,na,"I am opposing the statement, my reasoning includes that knowledge has to be constructed by teachers in order to successfully guide the learner experience into accomplishing the acquisition of new behavior, knowledge, and skills that is required of them. According to Driscoll, constructionist learning argues that ‚""knowledge is built by doing, but in a very specific, recursive way that involves creating, presenting, refining, and revising multiple times,‚"" and this is done with ‚""teacher guidance and feedback,‚"" emphasizing the importance of the teacher or instructor through the learning process. Teachers and instructors are the ones who structure, create, and guide the learning experience and process for the students to then problem solve, utilize critical thinking skills, support or debate perspectives, etc. For example, in this course, we are learning about theoretical perspectives about learning through the process of what Dr. Martin assigns us, we are only constructing our knowledge around the resources and assignments that are provided to us by her, and through this, are able to go beyond the course and learn more. Teachers ignite the flame of learning and construct the foundational aspects of knowledge, and students keep it alight through lifelong learning skills and practices.",,,,,,,,,,
Quasi,1,na,na,na,85767,59488,2023-10-04,17:43:00,na,na,"As a member of the opposing side, I agree that learning is a social activity however, I think teachers can provide access to a wide range of educational resources, including textbooks, digital materials, and expert guest speakers. These resources can significantly enrich the learning experience and guide the assimilation of knowledge in a scaffolded way. Students, while they have the ability to look for outside resources on their own, lack the expertise an educator brings to the table. An educator takes the role as a facilitator of social interactions and can provide and guide students with current information to further their understanding in a creative and sustainable way.",,,,,,,,,,
Quasi,1,na,na,na,85767,40519,2023-10-04,17:55:00,na,na,"As a member in opposition to the prompt, I would like to argue that the task itself is also instructional and while 'learning is most effective when the learners are engaged in challenging tasks' it is not the learner that creates the challenging tasks used to facilitate their learning. Teachers are instructing by choosing and building the best tasks needed for their learners to engage with in order to learn from the challenge. Especially in the beginning, a learner cannot facilitate their own growth by building their own challenges because they often lack the base knowledge needed to create a quality challenge.",,,,,,,,,,
Quasi,1,na,na,na,63749,1,2023-10-04,18:00:00,na,na,"I agree with the statement ‚""Knowledge cannot be instructed (transmitted) by a teacher, only constructed by the learner.‚"" Each individual has their own set of prior experiences and prior knowledge on things. Based upon new experiences, students will begin to construct new knowledge and incorporate the new experiences into their knowledge. Thus, knowledge is not necessarily transmitted by a teacher, but constructed by a learner.",,,,,,,,,,
Quasi,1,na,na,na,8036,1,2023-10-04,18:00:00,na,na,"The statement that ""knowledge cannot be instructed (transmitted) by a teacher, only constructed by the learner"" is a core principle of constructivism. In a traditional classroom setting, teachers often lecture to students, presenting them with information in a one-way fashion. A math teacher might have students solve a real-world problem using the math concepts they have learned. This approach is based on the assumption that knowledge can be transmitted directly from the teacher's mind to the student's mind. However, constructivist theory suggests that this is not how learning actually works. In this case, students are actively engaged in the learning process and constructing their own knowledge. The teacher's role is to provide guidance and support, not to simply transmit information.",,,,,,,,,,
Quasi,1,na,na,na,85767,8036,2023-10-04,18:21:00,na,na,I agree with you that the teacher's role is to provide guidance and support but oppose the original statement. A teacher is instructing and transmitting information by providing guidance and support. Each activity in a classroom built on constructivism is created or facilitated by the instructor with the intention of bringing up a series of common answers & new understandings that guide the learners around a common concept. Instructors in a constructive learning environment have to be clever enough to create challenges that instruct. These planned activities instruct students surrounding the objectives & concepts.,,,,,,,,,,
Quasi,1,na,na,na,40519,8036,2023-10-04,19:34:00,na,na,"To kind of bounce off of and add to your statement, scoffolding is such an important component of learning. By have students engaged and making conscious efforts in class, they are building mental supports for future learning. As they learn, they can apply previous knowledge to new problems without the necessity for other people's direct help",,,,,,,,,,
Quasi,1,na,na,na,37229,63749,2023-10-05,14:18:00,na,na,"I agree with your statement, however, teachers are instrumental in the process of this construction of knowledge. Teachers are involved in incorporating the new experiences within the student's lives and leading them through the ability to make connections through past experiences and uphold their processes of learning.",,,,,,,,,,
Quasi,1,na,na,na,37229,40519,2023-10-05,14:24:00,na,na,"I think this is an unrealistic way of viewing education especially in our society today where many students struggle with learning disabilities and need extra help with motivation. This is where the talent of teachers come into play in helping students and guiding them through their learning experiences, and eventually, playing a huge role in the construction of their knowledge base.",,,,,,,,,,
Quasi,1,na,na,na,59488,37229,2023-10-06,8:45:00,na,na,"I agree with your assessment of the importance of teachers in the learning process. However, I continue to believe that knowledge is constructed by learners, not instructed or transmitted by teachers. In our current debate discussion, for example, the professor's creation of a complex, realistic, and social environment has allowed us to delve deeply into the question of constructivism's validity. We are now actively thinking, drawing on our individual past experiences, and listening to other classmates' perspectives, to construct and reconstruct our understanding of the knowledge presented in the textbook.",,,,,,,,,,
Quasi,1,na,na,na,40519,59488,2023-10-06,9:11:00,na,na,You've made an excellent point to our debate! The debate itself is a prime example of constructing knowledge vs instructing knowledge.,:handshake:,37229,,,,,,,,
Quasi,1,na,na,na,59488,85767,2023-10-06,11:52:00,na,na,"As an opponent, I believe your argument that teachers provide rich and extensive educational resources and guide knowledge absorption is very convincing. But I'm speaking as a supporter. A constructivist approach with problem-based learning as the method of instruction has recently re-emerged(Jonassen, 1992). Unlike other approaches, learners can seek out a wide range of resources, including technical and otherwise.  When students work in groups, they can systematically identify the nature of the problem, assign tasks to complete independently, reason about the problem while collecting and consulting data and resources, draw conclusions about the solution, and then assess its sufficiency. After the problem is solved, students continue to reflect on their reasoning and resource-gathering strategies, among other things. This method improves learners' accuracy and creativity in seeking out a variety of resources when constructing knowledge.",,,,,,,,,,
Quasi,1,na,na,na,19861,85767,2023-10-06,23:02:00,na,na,"I completely agree that teachers provide a wide range of educational resources. Teachers have to get a degree in education to be able to teach. While getting their education, they learn how to present content to students, how to create lesson plans, and study the different ways students learn. Students do not have these same skill sets. Yes, a student can go online and search something and watch a video on a particular topic. However, teachers present knowledge in a way that is tangible and often provide activities that go along with the knowledge that is being transmitted. I could watch a video on how to complete a math problem all day long but I won't know if I understand the concept completely until my teacher gave me a homework problem and then told me that it was solved correctly. If I didn't solve it correctly, then they could tell me what I specifically did wrong. That's why teachers are so important for transmitting knowledge.",,,,,,,,,,
Quasi,1,na,na,na,85767,59488,2023-10-07,8:28:00,na,na,"I would argue that seeking out information and resources is not exactly learning. We would would certainly not say a teacher was teaching if all they did was send out some links and say, ""watch this"". I also think that an educator needs to teach a group how to behave in a construtive learning environment. People do not automatically have a system for creating a healthy group dynamic. A student needs to be given a basic prompt or instructive challenge in order to even know where to put the knowledge once they came across it. Further, a teacher creates the desire or need for the information to be relevant to the goal that was created.",,,,,,,,,,
Quasi,1,na,na,na,63749,37229,2023-10-07,15:01:00,na,na,"I do agree that most teachers definitely are helpful in the 'process' of creating experiences and opportunities for new experiences; however,  it is still up to the learner to construct information and incorporate knowledge.",,,,,,,,,,
Quasi,1,na,na,na,63749,63749,2023-10-07,15:10:00,na,na,"Even though 2 learners may watch or read the same instructional material or do the similar activities,  they may pick up/ learn a piece of information that is different from the other learner.  Part of this could be due to the fact that we sometimes 'learn to learn' while we learn.",,,,,,,,,,
Quasi,1,na,na,na,63749,59488,2023-10-07,15:42:00,na,na,"To add on to your statement,  in the past debate, some of us utilized and built upon past knowledge of behavioralism to support/oppose the given statement.",,,,,,,,,,
Quasi,1,na,na,na,8036,85767,2023-10-07,19:59:00,na,na,"@kebeasl2 In support of the assumption, I disagree with your point as students are not actively engaged in the learning process when they are simply told what to know. They may not be able to apply information to new situations if they don't have a chance to construct their own understanding of it. Chapter 11 of Driscolls text alludes to this by discussing objectivism as ‚""the view that knowledge of the world comes about through an individual's experience of it.‚"" For example: hands-on activities allow them to  ‚""construct knowledge‚"" and this is not transmitted by a teacher.",,,,,,,,,,
Quasi,1,na,na,na,8036,63749,2023-10-07,20:21:00,na,na,"@Simone S I agree and would like to add to your point in support by giving an example. A Science teacher may ask students to design and conduct their own experiments to learn about the scientific method. Though guidance was provided, students will be able to think critically to construct their own meaning of the scientific method.",,,,,,,,,,
Quasi,1,na,na,na,8036,37229,2023-10-07,20:43:00,na,na,"@Jacqueline Verkuilen I disagree with your argument. Graduate classes, especially distance education classes are a good example of learners constructing knowledge. Chapter 11 of Driscoll's text discusses how ‚""learners identify and pursue their own learning goals.‚"" It goes on to discuss the Olympic Games example where, ‚""the teacher has specific learning objectives in mind but allow personal freedom so students can learn about subjects of interest‚"" (page 391). The instructor provides materials but does not actively transmit knowledge. It is the learner's responsibility to engage and construct knowledge using experiences and what is provided for the class. The teacher is in the equation, but not ‚""instructing knowledge‚"".",,,,,,,,,,
Quasi,1,na,na,na,8036,1,2023-10-08,11:56:00,na,na,"In conclusion, ‚""knowledge cannot be instructed (transmitted) by a teacher, only constructed by a learner"" because knowledge is constantly evolving. Learners come to the classroom with different backgrounds and experiences and learning is most effective when it is active and engaging. Teachers play an important role by providing guidance and support and should be viewed as facilitators of learning instead of transmitters of knowledge.",,,,,,,,,,
Quasi,1,na,na,na,19861,1,2023-10-08,13:07:00,na,na,"On of the reasons I oppose the statement, ""Knowledge cannot be instructed (transmitted) by a teacher, only constructed by the learner"" is because there are some students who may have difficulty learning by themselves. There are a lot of kids in school systems who have disabilities who often have an extra person with them in class besides the instructor because they need that extra one-on-one help.  Special Education teachers are able to cater to their students' learning needs and provide them with extra support in learning environments that might be difficult for them.",,,,,,,,,,
Quasi,1,na,na,na,35382,1,2023-10-08,21:55:00,na,na,"I do not believe in the statement that ""Knowledge cannot be instructed (transmitted) by a teacher, only constructed by the learner.""  If this were true, there would be no need for teachers. This statement would propose that a classroom ""stager"" would be all that is needed for an effective classroom. Using Vygotsky's work on the zone of proximal development, the amount a learner can grow is limited without the scaffolding a teacher can provide. This social interaction is required in an optimized learning situation and disproves that a teacher cannot instruct knowledge.",,,,,,,,,,
Quasi,1,na,na,na,35382,40519,2023-10-08,21:59:00,na,na,"I think your initial post actually goes against your supporting stance. If instruction is a valuable part of the learning process, then instruction, at some point, creates knowledge for the student.",,,,,,,,,,
Quasi,1,na,na,na,35382,59488,2023-10-08,22:20:00,na,na,"If learning is a social activity, then learning is not entirely constructed by the learner. At some point, that learning is transmitted by the other partner in the social setting. The title of teacher is insignificant while the role of teacher is more important and can be filled by anyone who transmits knowledge. In any social situation, knowledge can be transmitted to an individual and not only constructed by that individual.",,,,,,,,,,
Quasi,1,na,na,na,35382,40519,2023-10-08,22:26:00,na,na,"I think it is important to emphasize that teachers are the means by which efficiency is achieved in the learning process. Teachers have the experience and knowledge that, through instruction, can expedite the learning process. Teachers can break down complex information, provide clarity, and offer shortcuts that save learners time and effort. In the end, learners do need to take ownership of their own learning and construct their own neural pathways for the new information, but that in now way means that knowledge can't be transmitted by a teacher.",,,,,,,,,,
Quasi,1,na,na,na,60685,19861,2023-10-08,23:02:00,na,na,"hi 19861, i think that while teachers are an important component of learning, they have more of a facilitator role. They create an environment where learning can happen that supports learners creating their own knowledge.",,,,,,,,,,
Quasi,1,na,na,na,60685,59488,2023-10-08,23:03:00,na,na,"I agree, another important point is that a teacher can relay lots of information on a topic but if it is not in a way that resignates with the learner than learning will not take place.",,,,,,,,,,
Quasi,1,na,na,na,60685,40519,2023-10-08,23:06:00,na,na,"Hi 40519, I agree with this point. I would also like to add that it is important to consider the past experiences of student's and how that might affect their learning experience. This makes learning not a one-size- fits- all kind of thing, and not something that students can universally understand in an equall way however the teacher translates it.",,,,,,,,,,
Quasi,1,na,na,na,60685,8036,2023-10-08,23:10:00,na,na,"One point that I havent seen represented yet is that this statement leaves out younger children and infants that have not yet started school. Children are still actively constructing their world views and learning even without direct teacher guidance, which would prove that teachers are not soley responsible for learning and much of it does fall on the learner.",,,,,,,,,,
Quasi,1,na,na,na,60685,35382,2023-10-08,23:11:00,na,na,"Hi there, I do agree with this statement condionally. Teachers are an important figure in learning environments, but they are not the sole factor in the process of constructing learning.",,,,,,,,,,
Quasi,2,na,na,na,1,na,2023-10-01,23:03:00,na,na,"Hey everyone! Thanks for taking the time to join Discord and get set up. Over the next few days I'll be adding more folks to this chat for the debate. Please make your first posts between **4-6pm on Wednesday, October 4th**. In the meantime, feel free to use the #general chat to get used to the chat features if you'd like.",:thumbsup:,1,,,,,,,,
Quasi,2,na,na,na,64758,1,2023-10-04,14:54:00,na,na,"Hi everyone! For this debate discussion I have been assigned the ‚""supporting‚"" team.

As we've been learning in this class thus far, within constructivist theories of learning, knowledge is essentially viewed as actively constructed by the learner, built upon their previous background knowledge, experiences, and/or skills. Acquiring knowledge is an active, ongoing process that allows the individual to promote meaningful, growing understanding of complex concepts. This differs from what a teacher is typically meant to do, as they passively transmit knowledge and information, often in a lecture-based technique. Doing so does not always allow the learner to actively make connections between information, or actively engage with active recall of previously acquired knowledge. The statement, ‚""knowledge cannot be instructed by a teacher, only constructed by the learner,‚"" thus argues that learners must actively engage with new information and experiences, integrating them within their existing understanding of the world to create new knowledge. When a learner interacts with information, interprets it, and applies it to solve problems or make sense of the world for example, true understanding and knowledge is then cultivated. The role of the teacher can facilitate this process by providing guidance and opportunities for exploration, however, it's up to the learner to then interpret, critically think about, and apply that knowledge alongside everything they've learned in their lives thus far. Therefore, in line with constructivist theories, it can be argued that knowledge is indeed constructed by the learner through their active involvement in the learning process.

(Also apologies for a later post and any typos or formatting issues; I'm currently traveling and trying to access class work on my phone.)",,,,,,,,,,
Quasi,2,na,na,na,1,na,2023-10-04,16:02:00,na,na,"Supporting team: @49753 Fadely @60407 Wilson @42489 O'Quinn @64758 Rush @43179 Johnson 
Opposing team: @47520 Glenn @5259 @50400 @67222 Haynes @31035",,,,,,,,,,
Quasi,2,na,na,na,1,na,2023-10-04,16:02:00,na,na,Pinned a message.,,,,,,,,,,
Quasi,2,na,na,na,43179,1,2023-10-04,16:03:00,na,na,"Hello,  my name is 43179. I support the opening statement, ""Knowledge cannot be instructed (transmitted) by a teacher, only constructed by the learner."" According to the textbook in Chapter 11 on page 387, constructivists theorize that the learner does not acquire knowledge passively. Knowledge requires a thorough process of storing and processing information and adapting more ways to perceive the outside world concerning themselves. Experiences are the impetus that gives knowledge directly to the learner.",,,,,,,,,,
Quasi,2,na,na,na,50400,1,2023-10-04,16:11:00,na,na,"I've been assigned the opposing view.                                

Teachers play a vital role in transmitting knowledge to learners‚Äîespecially when the topic is not learner-driven.

Driscoll (2005) points out constructivist critics' concern about whether learners can take ownership of their learning. People need a direct connection with the learning material to go beyond the minimum of just getting the task done. When given options, learners apparently choose the quickest route through the instruction, whether or not the route best meets their learning needs (Driscoll, 2005). This is an example of where a teacher can help a learner break down bigger goals into smaller goals or explain why a lesson is beneficial.

When learners don't want to or can't champion their own learning goals, teachers can help guide the learner. ""‚Ä¶designers of these environments should embed aids to students that will help them navigate lessons. These might include, for example, an organizing theme, various forms of help, advice, hints, or guided reflection. (Driscoll, 2005).

Driscoll (2005) writes, ""It is the job of the constructivist teacher‚Ä¶ to hold learners in their 'zone of proximal development' by providing just enough help and guidance, but not too much.""",,,,,,,,,,
Quasi,2,na,na,na,47520,1,2023-10-04,16:12:00,na,na,"Opposing: 
While I do agree with most of the fundamentals of constructivism, I think that this statement can be swung in a way where it does not fully align with constructivism. ‚""Knowledge cannot be instructed (transmitted) by a teacher, only constructed by the learner.‚"" I disagree with the first half of this statement, but I will admit the word transmitted throws me off a bit. However, if knowledge cannot be instructed or transmitted, why are children sent to preschools and elementary schools to help them grasp how to learn to the best of their ability. Yes, students must take ownership of their learning, but that involves being taught about how to ask the right questions, how to find the material for their own research in a library, and how to involve art and music in everyday lives. Teachers should also ‚""nurture self-awareness in the knowledge construction process.‚"" This includes construction by the learner, while also including how you address the behavioral and cognitive needs of them as well. Again, it is just not the only thing that helps students gain knowledge in their lives. There are a number of different things that play a role in learning how to test their own understandings against those of others, and the social structure of the learning environment. We cannot claim that this is the only way that knowledge can be constructed within oneself inside a learning environment.",:thumbsup:,50400,,,,,,,,
Quasi,2,na,na,na,43179,1,2023-10-04,16:13:00,na,na,"Driscoll (2005) suggests constructivists believe learning should be a continuous process where learners adapt and manipulate previous knowledge, making connections to new information. It is good that the students can understand the lesson and remember the content the day it is taught. But what about weeks, months, and years after they are in your classroom? Will the information likely stick to their developing minds long after being your students? Students have an easier time maintaining information if taught in a context-specific manner.",,,,,,,,,,
Quasi,2,na,na,na,49753,64758,2023-10-04,16:15:00,na,na,"I support the statement that knowledge cannot be instructed by a teacher, only constructed by a learner. Driscoll stated that the ‚""constructivist theory rests on the assumption that knowledge is constructed by learners as they attempt to make sense of their experiences‚"" (p. 387). This can be seen in the classroom. As we teach students information they will only truly learn something if they attempt to make sense of the information by studying it and practicing the skills we have taught them. This is the only way that information will move from their working memory to their long term memory (Driscoll, Ch. 3, P. 75). The only way for knowledge to occur is if students take the resources and skills we give them and practice those skills. They have to construct the knowledge for themselves. In response to 64758's first post, I agree with your statement that the role of the teacher should be about providing guidance. We cannot control what information our students retain. Only they can control what they learn. However, we can help them navigate challenging questions and concepts to encourage their learning.",,,,,,,,,,
Quasi,2,na,na,na,31035,1,2023-10-04,16:23:00,na,na,"Hello all! I'm here to oppose! :slight_smile:

First, some definitions and groundwork (And please correct me if I'm wrong!)
**Behaviorism **is concerned with the external proof of learning, rather than the internal processes. Uses behaviors to prove that learning has happened, and ‚""teaching‚"" is done through positive- or negative- reinforcement or punishment. Behaviorism is objectivist, which holds the opinion that a learner is an empty vessel which can be filled.

**Cognitivism **was developed in response to behaviorism and is concerned with the internal processes of learning‚Äìthe ‚""how‚"" of learning. Most cognitivist thoughts can be thought of as an input, which the brain then processes, resulting in an output. While behaviorists would be more interested in the output, cognitivists care more about the inputs and the processes of the brain. Cognitivists, though, are still objectivists, which believe that the learner is an empty vessel waiting to be filled.

**Constructivism **is not objectivist. Constructivism believes that the learner plays an active role in constructing their own knowledge. I like to think of it as a learner chipping away at a block of marble, which represents the world. What they create through their learning may or may not be how the world ‚""actually is‚"" but it is a good enough representation to get them through until their understanding requires them to change or scrap the model entirely.

In a way, then, this argument is between objectivism (which includes Cognitivism and Behaviorism) and non-objectivism (in this case, constructivist thinking.)Two reasons to oppose:

**Absolutes**: To say something is the ‚""only‚"" way is to ignore the inherent usefulness of other ways of learning. Constructivism is very closely tied to the ideas of Cognitivism and are hard to separate. Our book mentioned Vygotsky multiple times in the chapter about constructivism, even though Vygostky's theories are considered Congativist. Vygostky's methods use a More Knowledgeable Other. Constructivists, too, hold a place for instructors, which create the learning environment necessary for students to learn. In a way, the instructor is transmitting what needs to be learned to the student.

Practicality: Constructivism isn't practical in all circumstances. If we also look at how learning happens in the here and the now, our classrooms are set up with an instructor who lectures or provides the materials for students to learn. Even if there is no instructor in a course, the students will read through books, which serve as their instructor. For lower level learning environments, it makes sense to have someone there, sharing the information, so that students can spend time critically thinking, rather than reinventing the wheel. This actually leaves more time for the reflexivity that constructivists enjoy so much!",,,,,,,,,,
Quasi,2,na,na,na,67222,1,2023-10-04,16:29:00,na,na,"Oppose the statement: Knowledge cannot be instructed (transmitted) by a teacher, only constructed by the learner.

Knowledge can be transmitted through a teacher as well as constructed by the learner. Sometimes a student's first introduction to a certain topic is through an instructor. They are being taught whatever information is given through a teacher-student relationship/ The student can then go and construct their own unique experience about this knowledge they have been given. One vital part of maximizing our learning experiences is active engagement. In the Constructivist Learning Theory article it states ‚""Learning is an active process. Students must actively engage in discussions and activities in order to construct knowledge. It is not possible for students to take on a passive role and retain information. In order to build meaningful ideas, there must be a sensory response.‚"" If we or students are just passing through lectures and instruction they will have no knowledge to construct later on. They need to be actively engaged with the instructor of their peers and take an active engaging role in an academic setting. Without being taught by an instructor, or peers through discussion there will be no knowledge to construct individually.",,,,,,,,,,
Quasi,2,na,na,na,5259,1,2023-10-04,16:33:00,na,na,"Hi everyone, I am on the oppose side for this argument.
-Teachers play a critical role in the learning process; they serve as a facilitator and a guide for students. 
-The idea that knowledge can only be constructed by the learner has many limitations. 
1. This statement makes the assumption that all learners are self-sufficient. It fails to take into account the diversity of learners such as their background, abilities, and prior knowledge. For example, young children may find it challenging to engage in self-directed learning. They may become easily distracted or lose interest quickly. They would benefit from a more teacher-centered learning environment. This provides greater structure in the classroom. A teacher would engage and interact with students to provide them with the necessary knowledge. In addition, a student with a learning disability may need specialized learning strategies where an instructor is there to serve as a guide in their learning process. 
2. To successfully construct new knowledge, learners need to have the necessary existing knowledge to build upon and make those meaningful connections. If that prerequisite knowledge is not constructed, learners will have a difficult time engaging with the new content. Having a teacher present to instruct the knowledge to them, will ensure that they are building upon concepts and not falling behind.
3. If learning is only constructed by the learner, they may make misconceptions and misunderstand what they are learning. To prevent this from happening, teachers are necessary interventions. They can quickly identify if a student is misunderstanding a topic and provide them with the necessary instruction and resources to get back on the right track.",:thumbsup:,50400,,,,,,,,
Quasi,2,na,na,na,31035,49753,2023-10-04,16:35:00,na,na,"Hello 49753! I love your thoughts. :slight_smile: I am on the opposing team but love what I am learning from everyone.

I am particularly interested in this statement from your post:

> As we **teach **students information they will only truly learn something if they attempt to make sense of the information by studying it and practicing the skills we have taught them.

The role of an instructor in constructivism is more to act as a guide. Most classrooms in the here and now are set up with an instructor who lectures or imparts knowledge to the student, rather than merely setting up situations where students can learn from experiences. As the book states on page 422, the role of the instructor in cognativism is to ""Provide complex and realistic learning environments"" and ""support learners' efforts and encourage them to reflect on the process.""  In a way, instructors can then not ""teach"" in the normal sense of the world, since that would be interfering with the student constructing their own view of the world.",,,,,,,,,,
Quasi,2,na,na,na,31035,5259,2023-10-04,16:40:00,na,na,"Hello 5259. I too, am on the oppose team. I wanted to add a bit to what you said here:

> This statement makes the assumption that all learners are self sufficient. It fails to take into account the diversity of learners such as their background, abilities, and prior knowledge. 

The book also talks about how a complex and relevant learning environment is necessary in order for the learning to take place. While the book did warn against comparing ""authentic"" and ""complete and relevant"" is is very hard/expensive to recreate either of those environments. I was lucky to take my microbiogeochemistry class in a state full of hotsprings with the correct environment for specific bacterial/algea to grow for me to observe, but that would be difficult to recreate in another place!",,,,,,,,,,
Quasi,2,na,na,na,50400,31035,2023-10-04,16:41:00,na,na,"I love your point of not reinventing the wheel and leaving more time for reflecting, and I'll add ‚""messing around to figure something hard out.‚"" This idea goes for adult learners too. I'm self-taught in video editing. I do not hesitate to use YouTube to ‚""teach me‚"" things I don't know. I always go there first and then try to figure it out independently.",,,,,,,,,,
Quasi,2,na,na,na,43179,1,2023-10-04,16:42:00,na,na,"According to the PHILO-Notes video ""Constructivism in Education,"" this learning theory supposes teachers to guide or facilitate the learning process. They present opportunities for students to challenge their preconceived notions about themselves and the academic environment. Driscoll (2005) recalls that Piaget's Knowledge Development Model establishes that children add to schemas through accommodation; Vygotsky and Bruner suggested that students undergo reconstruction of knowledge. Learning and acquiring knowledge is a process that has its basis in maturation and socialization.",,,,,,,,,,
Quasi,2,na,na,na,31035,43179,2023-10-04,16:45:00,na,na,"Hello 43179! I'm on the opposing team, but I just wanted to say that I do love this particular aspect of Constructivist learning and I'm glad you brought it up. I'm excited to learn more about experiential learning as a form of constructivism. 

In your opinion, how much of a bias do you think an instructor introduces into a pure constructivist learning environment? How can an instructor strike the best balance of allowing the student to construct knowledge from what is around them (example in the book being the looking around and assuming the earth is flat) before gently correcting them based off of experiences they might not be able to have on their own (ex: seeing earth from space, making the connection that ship-masts appear over a horizon, etc which helps them re-write their own mental models)",,,,,,,,,,
Quasi,2,na,na,na,49753,31035,2023-10-04,17:50:00,na,na,"Hey 31035, I agree that the role of an instructor is to act more as a guide and facilitate learning. The students are the ones who are in control of what they learn.",,,,,,,,,,
Quasi,2,na,na,na,60407,47520,2023-10-04,18:49:00,na,na,"In your response, opposing the notion that students cannot have knowledge transmitted, you ask why students would be sent to preschools if they couldn't receive or have information transmitted. I actually think preschools are proof of constructivism at the earliest age for students. Students in preschool and early grades often learn by doing and creating. Play is seen as essential learning. Teachers facilitate these types of tasks regularly in this setting. Preschool isn't much ""sit and get"" and lectures are essentially non-existent. Students at that age must partake to make learning last. This is something the industrial model of school pushed out more and more as students moved through grade levels. Behaviorist views, as were popular in the earliest parts of the twentieth century, made space for constructivist learning only in certain sectors and relied on ""sage on the stage"" models of learning for older students.",,,,,,,,,,
Quasi,2,na,na,na,60407,1,2023-10-04,18:59:00,na,na,"Good evening-  This week I am supporing the statement: ""Knowledge cannot be instructed (transmitted) by a teacher,  only constructed by the learner."" This statement is deeply in line with constructivist theories of learning. Constructivists believe learning is situated in the tasks students take up and the preexisting knowledge students bring to the task is a foundation on which teachers either must build or must reconstruct. Truly, meangful learning is rarely solidified by simply listening to another lecture about a topic. For centuries, we have used apprenticeship models for many careers in order to teach skills embedded in a context. Simply talking about the theory was not enough to make learning relevant or engaging. Applying theory hands on in the field has been long accepted in many fields, even field which require high levels of education, like law and medicine.  While some might argue students need foundational knowledge, offering information without context or theory testing does not offer students much in the way of internalizing concepts and developing deeper connections with the material. Only through wrestling with complex ideas or working hands on in a field can students truly master the material they study.\",:thumbsup:,50400,,,,,,,,
Quasi,2,na,na,na,47520,60407,2023-10-04,19:01:00,na,na,"Hey 60407! I definitely see where you are coming from. I think I meant in more of in the way these schools are fundamental for preparation for lecture and sit and get learning. I do agree that they are one of the earliest examples of constructivism for some students. However, not all learners are inherently self-sufficient or able to gain knowledge without extra guidance, which is why I made the argument in respect to pre-school and other formative educational years. This helps to avoid students falling in between the cracks because they misunderstood how to do something on their own and there was never any intervention.",,,,,,,,,,
Quasi,2,na,na,na,60407,5259,2023-10-04,19:07:00,na,na,"Hi, 5259- I think there are some limitations in your interpretations that suppose teachers in a constructivist model are completely disengaged from the learning. Rather, as was stated in this week's video, the inherent role of the teacher as guide is to assess and question student knowledge throughout the learning process to help students adapt to the challenges they face and make adjustments in light of new situational knowledge. The idea of a ""guide"" does not mean the teacher is not actively assisting students on their journey, much as a guide would assist hikers on a hike. Instead, they are creating pathways and helping students navigate unfamiliar territory with resources through which students can create new learning for themselves.",,,,,,,,,,
Quasi,2,na,na,na,47520,49753,2023-10-04,19:08:00,na,na,"Hi 49753! I'm on the opposing side. I was wondering what you would suggest for topics that may not be easily learner-driven? For some subjects, like math, I would find it hard to guide myself to a higher level of knowledge without the instruction/transmission from a teacher/professor/facilitator.",,,,,,,,,,
Quasi,2,na,na,na,42489,1,2023-10-04,19:15:00,na,na,"Hey everyone! I support the statement that ""Knowledge cannot be instructed by a teacher, only constructed by the leaner."" A learner has to make sense of his or her environment, experiences, external factors, and and form connections for constructs and understanding to take place in the brain. Teachers can ""instruct"" or ""teach"" everything they know, but if the student is not making connections or forming concepts, then learning is not actually taking place. The idea of learners attempting to make sense of their own experiences and exhibiting curiosity is not only seen within the constructivist learning theory, but in other theories. Driscoll explains that constructivist ideas are consistent with previously discussed theories when stating, ""Knowledge develops in context is central to notions of situated learning (CH 5), Bruner's discovery learning (Ch 7), and dialectics of Vygotsky's theory (CH 7)"" (2004, pp. 390).  Perkins and Linger allude to constructivist theory by saying, ""Knowledge does not come into its own until the learner can deploy it with understanding."" (Driscoll, 2004). In the classroom or in a learning environment, the teacher should be a facilitator and encourage students to set their own learning goals. Teaching should be adjusted to serve the needs of the learners.",,,,,,,,,,
Quasi,2,na,na,na,49753,47520,2023-10-04,19:23:00,na,na,"Hey 47520, I think that is a great question. I don't teach math, but I do teach AVID and in AVID students complete tutorials where they present a question they are struggling with to their peers in small groups. After presenting what they know about their problem, the students in the group ask questions to help guide each other to the answer. I have noticed that students often pick math as their tutorial topic, and they tend to understand the concepts better after discussing questions with their peers. This gives students the chance to reflect on what they know, and further explore topics they are struggling with.",,,,,,,,,,
Quasi,2,na,na,na,42489,5259,2023-10-04,19:34:00,na,na,"Hey 5259! I am on the supporting side and I wanted to address your statement about the idea that not all students are self-sufficient. I completely understand your viewpoint and you do share a strong argument. When thinking of constructivist learning theory, we do not necessarily have to view it as students being completely self-sufficient. We do want students to take initiative and identify their own learning goals, but this may not be the case for all. Students just need to make sense of their surroundings. The teacher is present and should act as a facilitator. The teacher can guide the learner towards forming that needed understanding. As mentioned in the video this week, teachers should build upon the existing knowledge of the student and focus on interactive learning. The leaning process and formation of knowledge does not necessarily occur for the learner until they establish constructs and connections to the information being presented. From personal experience, I can have my students complete an activity and ask them to recall information, and most of the time only half of them can do so on the first try. I then have to adjust my teaching to share the information another way that makes it simpler for my students to understand. Once those constructs are built and connections are being established, then we can see that knowledge and learning is taking place.",,,,,,,,,,
Quasi,2,na,na,na,42489,49753,2023-10-04,20:03:00,na,na,"Hi 49753! I also support the statement that knowledge can only be constructed by the learner. You make some very strong points concerning the idea that learners must make sense of their experiences, study and practice skills, and form their own connections. To add on to your supportive stance, I also wanted to mention that constructivism encourages self-regulation among learners (Driscoll, 2004, pp. 391). For teachers to help facilitate students towards the process of self-regulation, they should develop or display a need for the skill in order to create buy-in for the students to want to develop the new skill, and ultimately strive to form their own constructs. If students can easily identify the need and usability of an unfamiliar skill, then they will become more willing to want to learn and make connections for how they can apply the new skill in the real-world.",,,,,,,,,,
Quasi,2,na,na,na,49753,42489,2023-10-04,20:05:00,na,na,"Hey 42489,
Thank you for adding in about the importance of student buy-in. It is necessary for students to see the skills we teach them as useful. I think this encourages them to continue using the skills we teach them.",,,,,,,,,,
Quasi,2,na,na,na,42489,60407,2023-10-04,20:30:00,na,na,"Hi 60407! I also support the claim and completely agree with your initial statement and the statement you made in regards to 5259's post. The best way for learners to form constructs around the information and to develop connections is by allowing students to make sense of the material. Learners need to participate in interactive learning and hands-on experiences. Personally, I am an agriculture teacher and we have a semester long project that is called a Supervised Agricultural Experience. This project forces students to choose an agricultural career area in which they wish to explore. Students can have jobs, internships, operate their own businesses, complete research projects or more. This project forces students to identify their own learning goals and form concepts on how agricultural processes are utilized in the real-world. Teachers facilitate learning and guide them throughout the duration of the project, but the student has control over what knowledge they develop from their own personal experiences.",,,,,,,,,,
Quasi,2,na,na,na,47520,31035,2023-10-04,20:36:00,na,na,"Hey 31035! I completely agree that constructivism is not practical in every situation. I also spoke about how lower level learning environments would benefit from from having someone there to help them learn how to think critically. I LOVE when you mention not reinventing the wheel!! If it isn't broken, don't fix it!",,,,,,,,,,
Quasi,2,na,na,na,50400,64758,2023-10-05,5:50:00,na,na,"I'm on the opposing team's solid argument (as usual). 

I want to explore your statement about teachers passively transmitting information through lectures. I don't see this as a current scenario. I see teachers developing ways to engage learners, inviting them to participate in instruction. If a learner doesn't have a motivating factor or an understanding of what needs to be learned, a wall exists, and it's up to the teacher to remove it. 

Especially when we think of adult learning. You sit adults down for training, and most won't have time to explore.",,,,,,,,,,
Quasi,2,na,na,na,50400,43179,2023-10-05,6:15:00,na,na,"I'm on the opposing team. 

Although the above citation holds in some scenarios, what about the information we need to learn that isn't rich with application? For example, an air traffic controller who needs to memorize call signs, a kindergartener learning alphabet sounds, or a wannabe mechanic learning the parts of a car for the first time? We need teachers to point out what we need to know. 

Also, in richer applications like societal norms‚Äîteachers explain to children that they shouldn't run in hallways, or parents of adopted children learn from adopted grown-ups how to be better parents to their children.",,,,,,,,,,
Quasi,2,na,na,na,31035,50400,2023-10-05,9:35:00,na,na,"I am on the opposing team as well.

The example of reminding kids not to run in hallways reminds me of behaviorism (the reprimand would be a positive punishment (adding something to reduce a behavior)) 

This makes me compare behaviorism and Constructivism. In a way, Constructivism is very similar to hands-off behaviorism, where the student learns from their own experiences/consequences/view of how the world works. I wonder how many classrooms try for constructivism and end up with a bit more behaviorism.",:thumbsup:,50400,,,,,,,,
Quasi,2,na,na,na,47520,50400,2023-10-05,11:43:00,na,na,"Hey 50400, I am on the opposing team as well. I have been looking for a way to word my thoughts the way you have in this response. What about the information that isn't rich with application? There are a number of different things to be taught that you just cannot dive deeper into. There cannot be much self-reflection another than initial learning and recollection practices. I also love how you mention societal norms as a richer application. Some knowledge, like not running in the hallway, is gained from being taught, not teaching yourself.",:thumbsup:,50400,,,,,,,,
Quasi,2,na,na,na,50400,60407,2023-10-05,14:54:00,na,na,"Assigned opposing side. 

I like your statement above about truly meaningful learning doesn't come from listening to a lecture. So true! 

You brought up apprenticeship and how that's been ingrained in our society for a long time. Couldn't us on the opposing side argue that the mentor is the teacher?",,,,,,,,,,
Quasi,2,na,na,na,50400,47520,2023-10-05,15:03:00,na,na,"I'm on the opposing side too. 

Math was the first topic I thought about too, and then I thought about compliance type of information for adults.",,,,,,,,,,
Quasi,2,na,na,na,5259,64758,2023-10-05,15:16:00,na,na,"Hi 64758!
I am on the opposing side for this debate. While I do agree that teachers can passively transmit knowledge to students through lectures, I do not think that that is the only way they can transmit knowledge. Teachers plan, design, and implement active learning strategies into the classroom for students. They are transmitting knowledge through the careful planning and consideration of interactive learning activities. For example, game-based learning is a great way to promote active learning instead of passive learning. One of my favorite educational technologies is called Goosechase (I did my Padlet assignment on it). Teachers create a scavenger hunt for students to complete to learn about a specific topic. The teacher is being intentional with what tasks they must complete in order to understand the concept being taught. Students are actively engaging in material from their teacher's instruction.",,,,,,,,,,
Quasi,2,na,na,na,5259,49753,2023-10-05,15:33:00,na,na,"Hi 49753!
I am on the opposing side of the argument. In order for students to construct knowledge themselves by taking the resources given to them and practicing those skills, teachers need to be involved in this process. They are the ones guiding students by giving them the necessary resources and facilitating their practice. Based on their expertise and experience, teachers understand what students need to be successful in actively constructing knowledge. They know what the appropriate resources to administer to students and when in the learning process they should do this. To sum, students could not actively construct knowledge if they are not receiving any guidance or support in their learning.",,,,,,,,,,
Quasi,2,na,na,na,49753,5259,2023-10-05,15:43:00,na,na,"Hey 5259,
I do agree that teachers need to be involved to a degree. However, we need students to practice and engage with the skills we teach them. This is the only way they will learn. They have to construct the knowledge using the resources and guidance we provide them.",,,,,,,,,,
Quasi,2,na,na,na,5259,31035,2023-10-05,15:45:00,na,na,"Hi 31035! I am on the opposing side of the argument as well.
I appreciate your use of definitions in the beginning of your post, it helps create a great foundation for your argument. I agree with your statement that ‚""to say something is the ‚Äòonly' way is to ignore the inherent usefulness of other ways of learning.‚"" This reminded me of last week's debate on ‚""learning can be best understood by studying the internal processes within the mind.‚"" I find that both prompts from this week and last are not holistic views and are very limiting. Not every single learning scenario or experience can be applicable to these statements. It is better to have a more open-minded view to learning where all factors and approaches to transmitting knowledge are taken into consideration.",,,,,,,,,,
Quasi,2,na,na,na,49753,60407,2023-10-05,15:46:00,na,na,"Hey 60407,
I agree that students need to work with the material to really understand and learn it. They won't retain the information if we just tell them once or twice. They need to take ownership of their learning and practice the skills we show them.",,,,,,,,,,
Quasi,2,na,na,na,5259,67222,2023-10-05,16:07:00,na,na,"Hi 67222! I am also on the opposing side of the argument.
I appreciate how you mention the relationship between the teacher transmitting knowledge and then the student constructing the knowledge on their own. This promotes a well-rounded, dynamic learning environment because it incorporates both teacher- and student-centered approaches. Students can gain a solid understanding of knowledge through teacher instruction, then take that knowledge and construct it in a way that is meaningful to them.",,,,,,,,,,
Quasi,2,na,na,na,64758,50400,2023-10-05,16:38:00,na,na,"Hey 50400, I'm on the supporting team, so I'd actually argue that the examples you mentioned are the most rich in application, especially when we compare to a typical classroom scenario. A child learning the alphabet has to still interpret that information, and largely learns to construct language on their own through observation and the phonics behind the alphabet; this information is them continually used and modified throughout their entire lives (and I say modified because as you grow up you choose how you'd like to speak essentially, it's not necessarily taught to you). Whereas, a child learning say, American history in a classroom environment is largely not going to need to apply that knowledge (if they even remember it) outside of school or later in their life. I'd argue the same with the air traffic controller example. Sure, a teacher made need to initially teach the basics, but the certified controller is going to need construct and interpret lots of various information moving forward, sometimes I'm chaotic scenarios, to avoid disaster at the airport.",,,,,,,,,,
Quasi,2,na,na,na,50400,64758,2023-10-05,18:43:00,na,na,"Hello! Thanks for taking the time to respond. 

The teacher/trainers must transmit the initial information in both scenarios, and teachers/trainers continue to mentor and guide the learners in all the scenarios, and eventually, the learner constructs information. So the statement ‚""Knowledge cannot be instructed (transmitted) by a teacher, only constructed by the learner.‚"" is false. Teachers can transmit information‚Äîjust as you wrote in your response to mine.",,,,,,,,,,
Quasi,2,na,na,na,43179,31035,2023-10-07,18:21:00,na,na,"Hello 31035, I agree that instructors might indirectly impose their subjective views within the learning environment. However, supporting constructivism is the best way for developing knowledge, good instructors will be sure to remind students to be critical and circumspect about the information they learn inside and outside of the class. Deductive reasoning and inductive reasoning result from making an assertion based on the available data. Students must learn to actively challenge and verify ideas before they decide to adopt the information as factually true.",,,,,,,,,,
Quasi,2,na,na,na,43179,49753,2023-10-07,18:44:00,na,na,"Hi 49753,  I agree that student-directed learning is more personalized to the individual needs of each student. When the teacher is entirely in control of the pace and classroom lesson plans, the students may feel isolated or left out because the environment is not culturally relevant or conducive to their learning style or remediation requirements.",,,,,,,,,,
Quasi,2,na,na,na,43179,64758,2023-10-07,18:44:00,na,na,"Hi 64758! I share a similar sentiment about how knowledge applies to students in the academic environment and employees training in the workforce/professional space. Anyone who successfully learns a new subject or practice has to practice and accumulate the needed experience to establish new skills. The teacher should be a resource for students to communicate their confusion and misunderstandings. Ultimately, students must solve problems and develop conclusions by questioning and reasoning. They should make connections to previously learned materials.",,,,,,,,,,
Quasi,2,na,na,na,42489,50400,2023-10-07,20:43:00,na,na,"Hi 50400!  I am on the supporting side and I wanted to explore your statement regarding the societal norm examples you mentioned. You provide the examples of a child running in the hallway and individuals learning how to be better parents from adopted grown-ups. With the running in the hallway example, I see where the teacher ""instructs"" or demands the student to stop running; however, the student will not fully understand the reasoning behind the demand provided by the teacher until he makes the connection of why he should stop running. From a constructivist standpoint, learning takes place when that student can form the concept that running in the hallway results in hurting oneself or another. The example of adopted children learning to become better parents for their own children is an excellent example related to constructivism. The adopted individuals have a desire and need to learn. A child who was raised without parents or in a struggling home and later adopted, has an innate desire to be better like those parents who adopted them for their own offspring, therefore creating a sense of self-regulation and willingness to learn.",,,,,,,,,,
Quasi,2,na,na,na,60407,47520,2023-10-08,9:07:00,na,na,"Your notion of students needing guidance still supports a constructivist view of learning. Students build knowledge with a ""guide"" as instructor, very much like preschool teachers do day in and day out.  These teachers nurture the love of learning through experiences and play to gain skills, not through lectures or repetition in the same old way.",,,,,,,,,,
Quasi,2,na,na,na,60407,50400,2023-10-08,9:10:00,na,na,"I'm not sure how the mentor as guide supports anything except constructivism. As Driscoll and the video from this week both stated, constructivist teachers aren't absent, but are guides who allow students to lead much of the learning and who support as students encounter difficulties. This is definitely much like the apprenticeship model my father used with inexperienced technicians when training them as mechanics.",,,,,,,,,,
Quasi,2,na,na,na,67222,67222,2023-10-08,22:47:00,na,na,Yes! It is vital that the teacher-student relationship is strong because if this relationship fails the learning experience will fail as well. The teacher and student go hand in hand and they both rely on each other in order to maximize the learning experience.,,,,,,,,,,
Quasi,2,na,na,na,67222,42489,2023-10-08,22:54:00,na,na,Hi 42489! I think you make a good argument but I have to disagree with a few parts of your statements. A the end you mention how a teacher should adjust certain goals to fit the student and while I do believe this to be true sometimes this is not the case. For some students they are not able to construct their knowledge efficiently due to multiple reasons. In this case it is important for the teacher and students to work together to facilitate knowledge.,,,,,,,,,,
Quasi,2,na,na,na,67222,60407,2023-10-08,23:00:00,na,na,Hi 60407! I do agree that learning is never maximized by simply listening to a lecture but instead it is improved and constructed between the teacher-student relationship. As you said taking the hands-on approach is a great way for a student to learn from a teacher. If there is no instructor for a doctor to learn from then they are losing out on that vital hands-on experience where they learn a bulk of their content. That is why the teacher and student need to work together in order construct the learner's knowledge.,,,,,,,,,,
Quasi,2,na,na,na,67222,50400,2023-10-08,23:53:00,na,na,"Hi 50400! this a great point and i complete agree with you on it. There are some thing we as humans need to be taught. Not everything can be learned on our own fruition, which is why it is so important to have teachers around us to help us as learners gain this knowledge and insight.",,,,,,,,,,